time,shipX,shipY,cameraX,cameraY,deltaCameraX,deltaCameraY
1.3043,350.0000,700.0000,480.0000,677.0000,0.0000,0.0000
1.3198,350.0000,700.0000,480.0000,677.0000,0.0000,0.0000
1.3484,350.0000,700.0000,480.0000,677.0000,0.0000,0.0000
1.3525,350.0000,700.0000,480.0000,677.0000,0.0000,0.0000
1.3696,350.0000,700.0000,480.0000,677.0000,0.0000,0.0000
1.3862,350.0000,700.0000,480.0000,677.0000,0.0000,0.0000
1.4033,350.0000,700.0000,480.0000,677.0000,0.0000,0.0000
1.4202,350.0000,700.0000,480.0000,677.0000,0.0000,0.0000
1.4358,350.0000,700.0000,480.0000,677.0000,0.0000,0.0000
1.4530,350.0000,700.0000,480.0000,677.0000,0.0000,0.0000
1.4691,350.0000,700.0000,480.0000,677.0000,0.0000,0.0000
1.4864,350.0000,700.0000,480.0000,677.0000,0.0000,0.0000
1.5032,350.0000,700.0000,480.0000,677.0000,0.0000,0.0000
1.5198,350.0000,700.0000,480.0000,677.0000,0.0000,0.0000
1.5364,350.0000,700.0000,480.0000,677.0000,0.0000,0.0000
1.5523,350.0000,700.0000,480.0000,677.0000,0.0000,0.0000
1.5692,350.0000,700.0000,480.0000,677.0000,0.0000,0.0000
1.5865,350.0000,700.0000,480.0000,677.0000,0.0000,0.0000
1.6031,350.0000,700.0000,480.0000,677.0000,0.0000,0.0000
1.6193,350.0000,700.0000,480.0000,677.0000,0.0000,0.0000
1.6362,350.0000,700.0000,480.0000,677.0000,0.0000,0.0000
1.6526,350.0000,700.0000,480.0000,677.0000,0.0000,0.0000
1.6693,350.0000,700.0000,480.0000,677.0000,0.0000,0.0000
1.6866,350.0000,700.0000,480.0000,677.0000,0.0000,0.0000
1.7024,350.0000,700.0000,480.0000,677.0000,0.0000,0.0000
1.7200,350.0000,700.0000,480.0000,677.0000,0.0000,0.0000
1.7359,350.0000,700.0000,480.0000,677.0000,0.0000,0.0000
1.7527,350.0000,700.0000,480.0000,677.0000,0.0000,0.0000
1.7699,350.0000,700.0000,480.0000,677.0000,0.0000,0.0000
1.7861,350.0000,700.0000,480.0000,677.0000,0.0000,0.0000
1.8030,350.0000,700.0000,480.0000,677.0000,0.0000,0.0000
1.8197,350.0000,700.0000,480.0000,677.0000,0.0000,0.0000
1.8360,350.0000,700.0000,480.0000,677.0000,0.0000,0.0000
1.8529,350.0000,700.0000,480.0000,677.0000,0.0000,0.0000
1.8694,350.0000,700.0000,480.0000,677.0000,0.0000,0.0000
1.8858,350.0000,700.0000,480.0000,677.0000,0.0000,0.0000
1.9027,350.0000,700.0000,480.0000,677.0000,0.0000,0.0000
1.9191,350.0000,700.0000,480.0000,677.0000,0.0000,0.0000
1.9358,350.0000,700.0000,480.0000,677.0000,0.0000,0.0000
1.9532,350.0000,700.0000,480.0000,677.0000,0.0000,0.0000
1.9696,350.0000,700.0000,480.0000,677.0000,0.0000,0.0000
1.9862,350.0000,700.0000,480.0000,677.0000,0.0000,0.0000
2.0029,350.0000,700.0000,480.0000,677.0000,0.0000,0.0000
2.0194,350.1658,700.0000,480.0000,677.0000,0.0000,0.0000
2.0362,350.4876,700.0000,480.0000,677.0000,0.0000,0.0000
2.0532,350.9825,700.0000,480.0000,677.0000,0.0000,0.0000
2.0694,351.5817,700.0000,480.0000,677.0000,0.0000,0.0000
2.0858,352.3378,700.0000,480.0000,677.0000,0.0000,0.0000
2.1025,353.2329,700.0000,480.0000,677.0000,0.0000,0.0000
2.1198,354.2775,700.0000,480.0000,677.0000,0.0000,0.0000
2.1358,355.4042,700.0000,480.0000,677.0000,0.0000,0.0000
2.1525,356.6535,700.0000,480.0000,677.0000,0.0000,0.0000
2.1689,358.0404,700.0000,480.0000,677.0000,0.0000,0.0000
2.1857,359.5183,700.0000,480.0000,677.0000,0.0000,0.0000
2.2024,361.1094,700.0000,480.0000,677.0000,0.0000,0.0000
2.2192,362.8007,700.0000,480.0000,677.0000,0.0000,0.0000
2.2363,364.6216,700.0000,480.0000,677.0000,0.0000,0.0000
2.2527,366.4552,700.0000,480.0000,677.0000,0.0000,0.0000
2.2695,368.4711,700.0000,480.0000,677.0000,0.0000,0.0000
2.2857,370.4605,700.0000,480.0000,677.0000,0.0000,0.0000
2.3025,372.5924,700.0000,480.0000,677.0000,0.0000,0.0000
2.3199,374.8841,700.0000,480.0000,677.0000,0.0000,0.0000
2.3363,377.1143,700.0000,480.0000,677.0000,0.0000,0.0000
2.3530,379.4561,700.0000,480.0000,677.0000,0.0000,0.0000
2.3700,381.9551,700.0000,480.0000,677.0000,0.0000,0.0000
2.3855,384.3248,700.0000,480.0000,677.0000,0.0000,0.0000
2.4022,386.8611,700.0000,480.0000,677.0000,0.0000,0.0000
2.4192,389.4890,700.0000,480.0000,677.0000,0.0000,0.0000
2.4362,392.2081,700.0000,480.0000,677.0000,0.0000,0.0000
2.4529,394.8848,700.0000,480.0000,677.0000,0.0000,0.0000
2.4697,397.6975,700.0000,480.0000,677.0000,0.0000,0.0000
2.4858,400.4590,700.0000,480.0000,677.0000,0.0000,0.0000
2.5031,403.4598,700.0000,480.0000,677.0000,0.0000,0.0000
2.5196,406.3333,700.0000,480.0000,677.0000,0.0000,0.0000
2.5358,409.2322,700.0000,480.0000,677.0000,0.0000,0.0000
2.5522,412.2088,700.0000,480.0000,677.0000,0.0000,0.0000
2.5697,415.4295,700.0000,480.0000,677.0000,0.0000,0.0000
2.5856,418.3564,700.0000,480.0000,677.0000,0.0000,0.0000
2.6023,421.4691,700.0000,480.0000,677.0000,0.0000,0.0000
2.6191,424.6562,700.0000,480.0000,677.0000,0.0000,0.0000
2.6362,427.9366,700.0000,480.0000,677.0000,0.0000,0.0000
2.6525,431.0760,700.0000,480.0000,677.0000,0.0000,0.0000
2.6698,434.4628,700.0000,480.0000,677.0000,0.0000,0.0000
2.6860,437.6435,700.0000,480.0000,677.0000,0.0000,0.0000
2.7026,440.9721,700.0000,480.0000,677.0000,0.0000,0.0000
2.7196,444.2886,700.0000,480.0000,677.0000,0.0000,0.0000
2.7364,447.8152,700.0000,480.0000,677.0000,0.0000,0.0000
2.7528,451.1027,700.0000,480.0000,677.0000,0.0000,0.0000
2.7698,454.6203,700.0000,480.0000,677.0000,0.0000,0.0000
2.7860,458.0171,700.0000,480.0000,677.0000,0.0000,0.0000
2.8026,461.4360,700.0000,480.0000,677.0000,0.0000,0.0000
2.8192,464.9183,700.0000,480.0000,677.0000,0.0000,0.0000
2.8360,468.4639,700.0000,480.0000,677.0000,0.0000,0.0000
2.8528,472.0513,700.0000,480.0000,677.0000,0.0000,0.0000
2.8699,475.5512,700.0000,480.0000,677.0000,0.0000,0.0000
2.8858,479.1338,700.0000,480.0000,677.0000,0.0000,0.0000
2.9031,482.7125,700.0000,480.0000,677.0000,0.0000,0.0000
2.9198,486.4820,700.0000,480.0000,677.0000,0.0000,0.0000
2.9359,489.9416,700.0000,480.0000,677.0000,0.0000,0.0000
2.9531,493.7224,700.0000,480.0000,677.0000,0.0000,0.0000
2.9688,497.2331,700.0000,480.0000,677.0000,0.0000,0.0000
2.9862,500.9781,700.0000,480.0000,677.0000,0.0000,0.0000
3.0031,504.7152,700.0000,480.0000,677.0000,0.0000,0.0000
3.0194,508.3545,700.0000,480.0000,677.0000,0.0000,0.0000
3.0359,512.0062,700.0000,480.0000,677.0000,0.0000,0.0000
3.0529,515.8711,700.0000,480.0000,677.0000,0.0000,0.0000
3.0693,519.5015,700.0000,480.0000,677.0000,0.0000,0.0000
3.0860,523.2325,700.0000,480.0000,677.0000,0.0000,0.0000
3.1028,527.0646,700.0000,480.0000,677.0000,0.0000,0.0000
3.1195,530.8166,700.0000,480.0000,677.0000,0.0000,0.0000
3.1366,534.6238,700.0000,480.0000,677.0000,0.0000,0.0000
3.1529,538.3951,700.0000,480.0000,677.0000,0.0000,0.0000
3.1695,542.1981,700.0000,480.0000,677.0000,0.0000,0.0000
3.1862,545.9184,700.0000,480.0000,677.0000,0.0000,0.0000
3.2024,549.7155,700.0000,480.0000,677.0000,0.0000,0.0000
3.2194,553.5893,700.0000,480.0000,677.0000,0.0000,0.0000
3.2364,557.4020,700.0000,480.0000,677.0000,0.0000,0.0000
3.2527,561.2450,700.0000,480.0000,677.0000,0.0000,0.0000
3.2689,565.0488,700.0000,480.0000,677.0000,0.0000,0.0000
3.2858,568.8824,700.0000,480.0000,677.0000,0.0000,0.0000
3.3025,572.7456,700.0000,480.0000,677.0000,0.0000,0.0000
3.3191,576.6150,700.0000,480.0000,677.0000,0.0000,0.0000
3.3356,580.4672,700.0000,480.0000,677.0000,0.0000,0.0000
3.3526,584.3482,700.0000,480.0000,677.0000,0.0000,0.0000
3.3696,588.2813,700.0000,480.0000,677.0000,0.0000,0.0000
3.3861,592.1498,700.0000,480.2983,677.0000,0.2983,0.0000
3.4025,596.0233,700.0000,481.0928,677.0000,0.7945,0.0000
3.4194,599.9015,700.0000,482.3153,677.0000,1.2224,0.0000
3.4358,603.7844,700.0000,483.9069,677.0000,1.5916,0.0000
3.4529,607.8356,700.0000,485.9152,677.0000,2.0083,0.0000
3.4690,611.6098,700.0000,488.0323,677.0000,2.1171,0.0000
3.4857,615.5288,700.0000,490.4739,677.0000,2.4417,0.0000
3.5025,619.4517,700.0000,493.1223,677.0000,2.6484,0.0000
3.5190,623.3313,700.0000,495.9111,677.0000,2.7889,0.0000
3.5361,627.2851,700.0000,498.9104,677.0000,2.9993,0.0000
3.5531,631.2188,700.0000,502.0235,677.0000,3.1131,0.0000
3.5691,635.1322,700.0000,505.2305,677.0000,3.2069,0.0000
3.5858,639.0723,700.0000,508.5576,677.0000,3.3271,0.0000
3.6032,643.0627,700.0000,512.0152,677.0000,3.4576,0.0000
3.6192,646.9615,700.0000,515.4578,677.0000,3.4426,0.0000
3.6363,650.8631,700.0000,518.9637,677.0000,3.5059,0.0000
3.6529,654.9093,700.0000,522.6647,677.0000,3.7009,0.0000
3.6691,658.7450,700.0000,526.2030,677.0000,3.5383,0.0000
3.6866,662.8673,700.0000,530.0681,677.0000,3.8651,0.0000
3.7025,666.6840,700.0000,533.6583,677.0000,3.5903,0.0000
3.7191,670.6215,700.0000,537.4001,677.0000,3.7418,0.0000
3.7363,674.5848,700.0000,541.1938,677.0000,3.7936,0.0000
3.7531,678.6452,700.0000,545.1095,677.0000,3.9157,0.0000
3.7696,682.5413,700.0000,548.8738,677.0000,3.7643,0.0000
3.7858,686.4393,700.0000,552.6564,677.0000,3.7826,0.0000
3.8029,690.5055,700.0000,556.6289,677.0000,3.9725,0.0000
3.8198,694.5497,700.0000,560.5900,677.0000,3.9611,0.0000
3.8359,698.3815,700.0000,564.3389,677.0000,3.7488,0.0000
3.8526,702.3339,700.0000,568.2239,677.0000,3.8850,0.0000
3.8699,706.4307,700.0000,572.2691,677.0000,4.0452,0.0000
3.8863,710.3384,700.0000,576.1209,677.0000,3.8518,0.0000
3.9026,714.2475,700.0000,579.9805,677.0000,3.8596,0.0000
3.9191,718.2295,700.0000,583.9227,677.0000,3.9422,0.0000
3.9363,722.2605,700.0000,587.9211,677.0000,3.9984,0.0000
3.9526,726.1735,700.0000,591.7980,677.0000,3.8769,0.0000
3.9692,730.1355,700.0000,595.7305,677.0000,3.9325,0.0000
3.9861,734.1940,700.0000,599.7687,677.0000,4.0381,0.0000
4.0025,738.1104,700.0000,603.6578,677.0000,3.8892,0.0000
4.0195,742.1711,700.0000,607.7030,677.0000,4.0452,0.0000
4.0361,746.0895,700.0000,611.5983,677.0000,3.8953,0.0000
4.0534,750.0567,700.0000,615.5476,677.0000,3.9493,0.0000
4.0696,754.1204,700.0000,619.6012,677.0000,4.0536,0.0000
4.0861,758.1132,700.0000,623.5801,677.0000,3.9789,0.0000
4.1026,761.9874,700.0000,627.4341,677.0000,3.8540,0.0000
4.1193,765.9820,700.0000,631.4180,677.0000,3.9839,0.0000
4.1364,769.9774,700.0000,635.4035,677.0000,3.9855,0.0000
4.1529,773.9975,700.0000,639.4159,677.0000,4.0124,0.0000
4.1692,777.9226,700.0000,643.3277,677.0000,3.9118,0.0000
4.1859,781.9441,700.0000,647.3433,677.0000,4.0156,0.0000
4.2024,785.9184,700.0000,651.3088,677.0000,3.9655,0.0000
4.2194,790.0130,700.0000,655.4032,677.0000,4.0944,0.0000
4.2362,794.0363,700.0000,659.4211,677.0000,4.0179,0.0000
4.2527,797.8927,700.0000,663.2617,677.0000,3.8406,0.0000
4.2697,802.0130,700.0000,667.3850,677.0000,4.1233,0.0000
4.2859,805.9183,700.0000,671.2783,677.0000,3.8933,0.0000
4.3028,809.9679,700.0000,675.3263,677.0000,4.0480,0.0000
4.3192,813.8503,700.0000,679.1962,677.0000,3.8698,0.0000
4.3358,817.9008,700.0000,683.2463,677.0000,4.0502,0.0000
4.3523,821.8560,700.0000,687.1945,677.0000,3.9481,0.0000
4.3690,825.8596,700.0000,691.1947,677.0000,4.0002,0.0000
4.3856,829.8396,700.0000,695.1699,677.0000,3.9752,0.0000
4.4023,833.8440,700.0000,699.1714,677.0000,4.0015,0.0000
4.4193,837.8967,700.0000,703.2244,677.0000,4.0531,0.0000
4.4355,841.8299,700.0000,707.1498,677.0000,3.9253,0.0000
4.4523,845.8354,700.0000,711.1529,677.0000,4.0031,0.0000
4.4689,849.8412,700.0000,715.1563,677.0000,4.0035,0.0000
4.4856,853.8234,700.0000,719.1346,677.0000,3.9783,0.0000
4.5023,857.8299,700.0000,723.1390,677.0000,4.0044,0.0000
4.5190,861.8127,700.0000,727.1182,677.0000,3.9792,0.0000
4.5357,865.8197,700.0000,731.1235,677.0000,4.0053,0.0000
4.5522,869.8031,700.0000,735.1036,677.0000,3.9800,0.0000
4.5690,873.8347,700.0000,739.1352,677.0000,4.0317,0.0000
4.5856,877.8425,700.0000,743.1413,677.0000,4.0061,0.0000
4.6022,881.8266,700.0000,747.1221,677.0000,3.9808,0.0000
4.6189,885.8349,700.0000,751.1290,677.0000,4.0069,0.0000
4.6356,889.8195,700.0000,755.1105,677.0000,3.9815,0.0000
4.6522,893.8282,700.0000,759.1181,677.0000,4.0076,0.0000
4.6696,897.8372,700.0000,763.1259,677.0000,4.0078,0.0000
4.6857,901.8224,700.0000,767.1082,677.0000,3.9824,0.0000
4.7024,905.8317,700.0000,771.1166,677.0000,4.0084,0.0000
4.7190,909.8412,700.0000,775.1251,677.0000,4.0085,0.0000
4.7355,913.8269,700.0000,779.1082,677.0000,3.9831,0.0000
4.7522,917.8368,700.0000,783.1173,677.0000,4.0091,0.0000
4.7689,921.8228,700.0000,787.1009,677.0000,3.9836,0.0000
4.7856,925.8330,700.0000,791.1105,677.0000,4.0096,0.0000
4.8023,929.8434,700.0000,795.1202,677.0000,4.0097,0.0000
4.8191,933.8538,700.0000,799.1300,677.0000,4.0098,0.0000
4.8355,937.8404,700.0000,803.1143,677.0000,3.9843,0.0000
4.8524,941.8511,700.0000,807.1245,677.0000,4.0102,0.0000
4.8690,945.8620,700.0000,811.1348,677.0000,4.0103,0.0000
4.8857,949.8730,700.0000,815.1452,677.0000,4.0104,0.0000
4.9024,953.8600,700.0000,819.1301,677.0000,3.9849,0.0000
4.9195,957.8712,700.0000,823.1410,677.0000,4.0108,0.0000
4.9360,961.8825,700.0000,827.1519,677.0000,4.0109,0.0000
4.9524,965.8699,700.0000,831.1372,677.0000,3.9854,0.0000
4.9698,970.0254,700.0000,835.3024,677.0000,4.1652,0.0000
4.9858,973.8928,700.0000,839.1590,677.0000,3.8566,0.0000
5.0028,977.9765,700.0000,843.2474,677.0000,4.0883,0.0000
5.0193,981.9162,700.0000,847.1814,677.0000,3.9340,0.0000
5.0361,985.7622,700.0000,851.1699,677.0000,3.9885,0.0000
5.0525,989.4071,700.0000,855.0666,677.0000,3.8967,0.0000
5.0694,993.0046,700.0000,859.0302,677.0000,3.9636,0.0000
5.0861,996.3537,700.0000,862.8008,677.0000,3.7707,0.0000
5.1032,999.6035,700.0000,866.5411,677.0000,3.7403,0.0000
5.1188,1002.6832,700.0000,870.1487,677.0000,3.6076,0.0000
5.1356,1005.6545,700.0000,873.6883,677.0000,3.5396,0.0000
5.1523,1008.5201,700.0000,877.1536,677.0000,3.4653,0.0000
5.1689,1011.2674,700.0000,880.5187,677.0000,3.3651,0.0000
5.1857,1013.9012,700.0000,883.7817,677.0000,3.2630,0.0000
5.2027,1016.4263,700.0000,886.9418,677.0000,3.1601,0.0000
5.2193,1018.8470,700.0000,889.9987,677.0000,3.0569,0.0000
5.2365,1021.2343,700.0000,893.0441,677.0000,3.0455,0.0000
5.2524,1023.3798,700.0000,895.7872,677.0000,2.7431,0.0000
5.2696,1025.3784,700.0000,898.5666,677.0000,2.7794,0.0000
5.2863,1027.0948,700.0000,901.1522,677.0000,2.5856,0.0000
5.3027,1028.5445,700.0000,903.5254,677.0000,2.3731,0.0000
5.3192,1029.7965,700.0000,905.7834,677.0000,2.2580,0.0000
5.3358,1030.8381,700.0000,907.8843,677.0000,2.1009,0.0000
5.3523,1031.6672,700.0000,909.7970,677.0000,1.9127,0.0000
5.3691,1032.3037,700.0000,911.5520,677.0000,1.7550,0.0000
5.3858,1032.7430,700.0000,913.1051,677.0000,1.5530,0.0000
5.4022,1033.0004,700.0000,914.4783,677.0000,1.3732,0.0000
5.4194,1033.0829,700.0000,915.6791,677.0000,1.2008,0.0000
5.4357,1032.9962,700.0000,916.7002,677.0000,1.0211,0.0000
5.4529,1032.7375,700.0000,917.5613,677.0000,0.8612,0.0000
5.4701,1032.3263,700.0000,918.2300,677.0000,0.6686,0.0000
5.4858,1031.7894,700.0000,918.7129,677.0000,0.4829,0.0000
5.5029,1031.0780,700.0000,919.0484,677.0000,0.3355,0.0000
5.5190,1030.2711,700.0000,919.2143,677.0000,0.1659,0.0000
5.5364,1029.2883,700.0000,919.2248,677.0000,0.0105,0.0000
5.5528,1028.2187,700.0000,919.2248,677.0000,0.0000,0.0000
5.5692,1027.0087,700.0000,919.2248,677.0000,0.0000,0.0000
5.5865,1025.6829,700.0000,919.2248,677.0000,0.0000,0.0000
5.6040,1024.1535,700.0000,919.2248,677.0000,0.0000,0.0000
5.6190,1022.7125,700.0000,919.2248,677.0000,0.0000,0.0000
5.6358,1021.0783,700.0000,919.2248,677.0000,0.0000,0.0000
5.6533,1019.2703,700.0000,919.2248,677.0000,0.0000,0.0000
5.6693,1017.5005,700.0000,919.2248,677.0000,0.0000,0.0000
5.6858,1015.5868,700.0000,919.2248,677.0000,0.0000,0.0000
5.7028,1013.5628,700.0000,919.2248,677.0000,0.0000,0.0000
5.7195,1011.4422,700.0000,919.2248,677.0000,0.0000,0.0000
5.7357,1009.3213,700.0000,919.2248,677.0000,0.0000,0.0000
5.7524,1007.0861,700.0000,919.2248,677.0000,0.0000,0.0000
5.7699,1004.6931,700.0000,919.2248,677.0000,0.0000,0.0000
5.7867,1002.2850,700.0000,919.2248,677.0000,0.0000,0.0000
5.8029,999.8546,700.0000,919.2248,677.0000,0.0000,0.0000
5.8196,997.3461,700.0000,919.2248,677.0000,0.0000,0.0000
5.8369,994.7292,700.0000,919.2248,677.0000,0.0000,0.0000
5.8522,992.1974,700.0000,919.2248,677.0000,0.0000,0.0000
5.8690,989.4982,700.0000,919.2248,677.0000,0.0000,0.0000
5.8861,986.6944,700.0000,919.2248,677.0000,0.0000,0.0000
5.9025,983.9392,700.0000,919.2248,677.0000,0.0000,0.0000
5.9192,981.0838,700.0000,919.2248,677.0000,0.0000,0.0000
5.9361,978.1276,700.0000,919.2248,677.0000,0.0000,0.0000
5.9528,975.1777,700.0000,919.2248,677.0000,0.0000,0.0000
5.9693,972.2566,700.0000,919.2248,677.0000,0.0000,0.0000
5.9860,969.2216,700.0000,919.2248,677.0000,0.0000,0.0000
6.0027,966.1648,700.0000,919.2248,677.0000,0.0000,0.0000
6.0199,962.9376,700.0000,919.2248,677.0000,0.0000,0.0000
6.0359,959.8997,700.0000,919.2248,677.0000,0.0000,0.0000
6.0530,956.6745,700.0000,919.2248,677.0000,0.0000,0.0000
6.0689,953.5311,700.0000,919.2248,677.0000,0.0000,0.0000
6.0864,950.1992,700.0000,919.2248,677.0000,0.0000,0.0000
6.1025,946.9932,700.0000,919.2248,677.0000,0.0000,0.0000
6.1189,943.6984,700.0000,919.2248,677.0000,0.0000,0.0000
6.1362,940.2742,700.0000,919.2248,677.0000,0.0000,0.0000
6.1524,937.0041,700.0000,919.2248,677.0000,0.0000,0.0000
6.1691,933.6065,700.0000,919.2248,677.0000,0.0000,0.0000
6.1860,930.1629,700.0000,919.2248,677.0000,0.0000,0.0000
6.2025,926.7361,700.0000,919.2248,677.0000,0.0000,0.0000
6.2197,923.2235,700.0000,919.2248,677.0000,0.0000,0.0000
6.2362,919.7932,700.0000,919.2248,677.0000,0.0000,0.0000
6.2526,916.2786,700.0000,919.2248,677.0000,0.0000,0.0000
6.2692,912.7434,700.0000,919.2248,677.0000,0.0000,0.0000
6.2866,909.0601,700.0000,919.2248,677.0000,0.0000,0.0000
6.3027,905.6361,700.0000,919.2248,677.0000,0.0000,0.0000
6.3196,902.0226,700.0000,919.2248,677.0000,0.0000,0.0000
6.3361,898.4565,700.0000,919.2248,677.0000,0.0000,0.0000
6.3528,894.8305,700.0000,919.2248,677.0000,0.0000,0.0000
6.3698,891.0572,700.0000,919.2248,677.0000,0.0000,0.0000
6.3858,887.5532,700.0000,919.2248,677.0000,0.0000,0.0000
6.4023,883.8812,700.0000,919.2248,677.0000,0.0000,0.0000
6.4198,880.0844,700.0000,919.2248,677.0000,0.0000,0.0000
6.4360,876.4956,700.0000,919.2248,677.0000,0.0000,0.0000
6.4524,872.8053,700.0000,919.2248,677.0000,0.0000,0.0000
6.4691,869.0803,700.0000,919.2248,677.0000,0.0000,0.0000
6.4861,865.3434,700.0000,919.2248,677.0000,0.0000,0.0000
6.5026,861.6176,700.0000,919.2248,677.0000,0.0000,0.0000
6.5199,857.7005,700.0000,919.2248,677.0000,0.0000,0.0000
6.5362,854.0209,700.0000,919.2248,677.0000,0.0000,0.0000
6.5531,850.2184,700.0000,919.2248,677.0000,0.0000,0.0000
6.5699,846.4288,700.0000,919.2248,677.0000,0.0000,0.0000
6.5856,842.7666,700.0000,919.2248,677.0000,0.0000,0.0000
6.6026,838.9362,700.0000,919.2248,677.0000,0.0000,0.0000
6.6193,835.1430,700.0000,919.2248,677.0000,0.0000,0.0000
6.6358,831.3418,700.0000,919.2248,677.0000,0.0000,0.0000
6.6525,827.5098,700.0000,919.2248,677.0000,0.0000,0.0000
6.6691,823.6933,700.0000,919.2248,677.0000,0.0000,0.0000
6.6858,819.8467,700.0000,919.2248,677.0000,0.0000,0.0000
6.7023,815.9931,700.0000,919.2248,677.0000,0.0000,0.0000
6.7189,812.1561,700.0000,919.2248,677.0000,0.0000,0.0000
6.7360,808.1969,700.0000,919.0782,677.0000,-0.1466,0.0000
6.7529,804.3243,700.0000,918.4148,677.0000,-0.6634,0.0000
6.7691,800.5621,700.0000,917.3494,677.0000,-1.0654,0.0000
6.7858,796.6781,700.0000,915.8602,677.0000,-1.4892,0.0000
6.8030,792.6723,700.0000,913.9689,677.0000,-1.8913,0.0000
6.8198,788.8012,700.0000,911.8640,677.0000,-2.1049,0.0000
6.8364,784.9251,700.0000,909.5133,677.0000,-2.3507,0.0000
6.8525,781.1146,700.0000,907.0028,677.0000,-2.5105,0.0000
6.8690,777.2294,700.0000,904.2588,677.0000,-2.7441,0.0000
6.8858,773.3165,700.0000,901.3363,677.0000,-2.9225,0.0000
6.9031,769.2821,700.0000,898.1734,677.0000,-3.1629,0.0000
6.9198,765.3610,700.0000,894.9899,677.0000,-3.1835,0.0000
6.9359,761.5536,700.0000,891.8103,677.0000,-3.1796,0.0000
6.9525,757.6721,700.0000,888.4793,677.0000,-3.3311,0.0000
6.9698,753.5988,700.0000,884.8919,677.0000,-3.5874,0.0000
6.9861,749.7812,700.0000,881.4851,677.0000,-3.4068,0.0000
7.0025,745.8661,700.0000,877.9299,677.0000,-3.5553,0.0000
7.0196,741.8772,700.0000,874.2539,677.0000,-3.6760,0.0000
7.0362,738.0033,700.0000,870.6517,677.0000,-3.6022,0.0000
7.0530,733.9612,700.0000,866.8445,677.0000,-3.8072,0.0000
7.0700,729.9400,700.0000,863.0276,677.0000,-3.8169,0.0000
7.0861,726.1528,700.0000,859.4233,677.0000,-3.6042,0.0000
7.1024,722.2211,700.0000,855.6483,677.0000,-3.7750,0.0000
7.1193,718.2633,700.0000,851.8267,677.0000,-3.8216,0.0000
7.1361,714.2083,700.0000,847.8872,677.0000,-3.9395,0.0000
7.1524,710.3646,700.0000,844.1532,677.0000,-3.7340,0.0000
7.1690,706.4002,700.0000,840.2803,677.0000,-3.8729,0.0000
7.1861,702.4575,700.0000,836.4192,677.0000,-3.8611,0.0000
7.2025,698.4890,700.0000,832.5215,677.0000,-3.8977,0.0000
7.2192,694.5187,700.0000,828.6137,677.0000,-3.9078,0.0000
7.2364,690.4516,700.0000,824.5966,677.0000,-4.0171,0.0000
7.2525,686.5730,700.0000,820.7729,677.0000,-3.8237,0.0000
7.2697,682.5737,700.0000,816.8158,677.0000,-3.9570,0.0000
7.2861,678.6681,700.0000,812.9533,677.0000,-3.8625,0.0000
7.3025,674.6658,700.0000,808.9839,677.0000,-3.9694,0.0000
7.3194,670.6382,700.0000,804.9844,677.0000,-3.9995,0.0000
7.3358,666.7521,700.0000,801.1322,677.0000,-3.8522,0.0000
7.3524,662.7456,700.0000,797.1488,677.0000,-3.9833,0.0000
7.3694,658.8093,700.0000,793.2380,677.0000,-3.9109,0.0000
7.3865,654.6810,700.0000,789.1205,677.0000,-4.1175,0.0000
7.4024,650.8378,700.0000,785.3054,677.0000,-3.8151,0.0000
7.4194,646.8503,700.0000,781.3345,677.0000,-3.9709,0.0000
7.4366,642.7185,700.0000,777.2085,677.0000,-4.1260,0.0000
7.4526,638.8722,700.0000,773.3862,677.0000,-3.8223,0.0000
7.4693,634.9055,700.0000,769.4338,677.0000,-3.9524,0.0000
7.4863,630.8423,700.0000,765.3775,677.0000,-4.0563,0.0000
7.5024,626.9215,700.0000,761.4727,677.0000,-3.9048,0.0000
7.5199,622.8326,700.0000,757.3874,677.0000,-4.0853,0.0000
7.5368,618.8384,700.0000,753.4034,677.0000,-3.9840,0.0000
7.5526,614.9631,700.0000,749.5449,677.0000,-3.8585,0.0000
7.5693,610.9912,700.0000,745.5823,677.0000,-3.9626,0.0000
7.5865,606.8990,700.0000,741.4909,677.0000,-4.0915,0.0000
7.6027,602.9975,700.0000,737.6030,677.0000,-3.8878,0.0000
7.6192,599.0236,700.0000,733.6369,677.0000,-3.9661,0.0000
7.6358,595.0250,700.0000,729.6441,677.0000,-3.9928,0.0000
7.6530,590.9301,700.0000,725.5483,677.0000,-4.0958,0.0000
7.6698,586.9543,700.0000,721.5801,677.0000,-3.9681,0.0000
7.6863,583.0019,700.0000,717.6364,677.0000,-3.9438,0.0000
7.7027,579.0489,700.0000,713.6913,677.0000,-3.9451,0.0000
7.7193,575.0475,700.0000,709.6940,677.0000,-3.9972,0.0000
7.7368,570.9258,700.0000,705.5683,677.0000,-4.1258,0.0000
7.7532,566.9235,700.0000,701.5709,677.0000,-3.9974,0.0000
7.7698,562.9686,700.0000,697.6238,677.0000,-3.9471,0.0000
7.7858,559.0851,700.0000,693.7520,677.0000,-3.8718,0.0000
7.8024,555.1053,700.0000,689.7765,677.0000,-3.9755,0.0000
7.8197,551.0292,700.0000,685.6981,677.0000,-4.0784,0.0000
7.8364,547.0007,700.0000,681.6712,677.0000,-4.0269,0.0000
7.8524,543.1156,700.0000,677.7971,677.0000,-3.8741,0.0000
7.8698,539.0624,700.0000,673.7427,677.0000,-4.0544,0.0000
7.8859,535.1047,700.0000,669.7906,677.0000,-3.9520,0.0000
7.9031,531.0028,700.0000,665.6843,677.0000,-4.1064,0.0000
7.9197,527.0205,700.0000,661.7064,677.0000,-3.9778,0.0000
7.9358,523.1338,700.0000,657.8300,677.0000,-3.8764,0.0000
7.9528,519.1269,700.0000,653.8245,677.0000,-4.0055,0.0000
7.9698,515.0717,700.0000,649.7675,677.0000,-4.0569,0.0000
7.9865,511.0163,700.0000,645.7108,677.0000,-4.0567,0.0000
8.0023,507.1526,700.0000,641.8586,677.0000,-3.8523,0.0000
8.0194,503.1206,700.0000,637.8259,677.0000,-4.0326,0.0000
8.0365,499.0164,700.0000,633.7165,677.0000,-4.1094,0.0000
8.0526,495.1280,700.0000,629.8379,677.0000,-3.8786,0.0000
8.0698,490.9754,700.0000,625.6764,677.0000,-4.1615,0.0000
8.0863,487.0866,700.0000,621.7976,677.0000,-3.8788,0.0000
8.1030,483.1256,700.0000,617.8409,677.0000,-3.9567,0.0000
8.1194,479.1163,700.0000,613.8324,677.0000,-4.0085,0.0000
8.1364,475.0349,700.0000,609.7469,677.0000,-4.0855,0.0000
8.1526,471.0733,700.0000,605.7899,677.0000,-3.9569,0.0000
8.1696,467.0875,700.0000,601.8067,677.0000,-3.9832,0.0000
8.1865,463.0056,700.0000,597.7207,677.0000,-4.0860,0.0000
8.2031,459.0916,700.0000,593.8144,677.0000,-3.9064,0.0000
8.2192,455.1053,700.0000,589.8302,677.0000,-3.9841,0.0000
8.2359,451.0709,700.0000,585.7946,677.0000,-4.0356,0.0000
8.2523,447.1084,700.0000,581.8359,677.0000,-3.9587,0.0000
8.2690,443.2635,700.0000,577.8486,677.0000,-3.9873,0.0000
8.2860,439.5774,700.0000,573.9034,677.0000,-3.9453,0.0000
8.3029,436.0436,700.0000,570.0155,677.0000,-3.8878,0.0000
8.3194,432.6557,700.0000,566.1975,677.0000,-3.8181,0.0000
8.3363,429.3332,700.0000,562.3655,677.0000,-3.8320,0.0000
8.3527,426.3298,700.0000,558.8535,677.0000,-3.5120,0.0000
8.3692,423.3431,700.0000,555.2935,677.0000,-3.5600,0.0000
8.3867,420.4633,700.0000,551.8092,677.0000,-3.4843,0.0000
8.4025,417.7346,700.0000,548.4683,677.0000,-3.3410,0.0000
8.4199,415.0576,700.0000,545.1470,677.0000,-3.3213,0.0000
8.4359,412.5944,700.0000,542.0698,677.0000,-3.0772,0.0000
8.4525,410.1889,700.0000,539.0332,677.0000,-3.0365,0.0000
8.4692,407.8688,700.0000,536.0797,677.0000,-2.9535,0.0000
8.4867,405.5427,700.0000,533.0870,677.0000,-2.9927,0.0000
8.5027,403.6630,700.0000,530.4972,677.0000,-2.5899,0.0000
8.5194,401.9450,700.0000,527.9226,677.0000,-2.5746,0.0000
8.5358,400.4538,700.0000,525.4848,677.0000,-2.4378,0.0000
8.5525,399.1962,700.0000,523.2243,677.0000,-2.2605,0.0000
8.5695,398.1491,700.0000,521.1206,677.0000,-2.1038,0.0000
8.5863,397.2958,700.0000,519.1486,677.0000,-1.9720,0.0000
8.6027,396.6734,700.0000,517.4464,677.0000,-1.7022,0.0000
8.6202,396.2171,700.0000,515.8187,677.0000,-1.6277,0.0000
8.6365,395.9666,700.0000,514.4974,677.0000,-1.3213,0.0000
8.6529,395.8813,700.0000,513.3017,677.0000,-1.1957,0.0000
8.6695,395.9662,700.0000,512.2723,677.0000,-1.0294,0.0000
8.6857,396.2080,700.0000,511.4355,677.0000,-0.8369,0.0000
8.7028,396.6085,700.0000,510.7619,677.0000,-0.6736,0.0000
8.7199,397.1749,700.0000,510.2502,677.0000,-0.5117,0.0000
8.7357,397.8412,700.0000,509.9252,677.0000,-0.3250,0.0000
8.7532,398.7100,700.0000,509.7491,677.0000,-0.1762,0.0000
8.7697,399.6556,700.0000,509.7363,677.0000,-0.0128,0.0000
8.7857,400.7084,700.0000,509.7363,677.0000,0.0000,0.0000
8.8023,401.9147,700.0000,509.7363,677.0000,0.0000,0.0000
8.8189,403.2369,700.0000,509.7363,677.0000,0.0000,0.0000
8.8357,404.6702,700.0000,509.7363,677.0000,0.0000,0.0000
8.8522,406.2004,700.0000,509.7363,677.0000,0.0000,0.0000
8.8692,407.8419,700.0000,509.7363,677.0000,0.0000,0.0000
8.8860,409.5814,700.0000,509.7363,677.0000,0.0000,0.0000
8.9025,411.4148,700.0000,509.7363,677.0000,0.0000,0.0000
8.9194,413.3262,700.0000,509.7363,677.0000,0.0000,0.0000
8.9358,415.3356,700.0000,509.7363,677.0000,0.0000,0.0000
8.9529,417.4147,700.0000,509.7363,677.0000,0.0000,0.0000
8.9695,419.5991,700.0000,509.7363,677.0000,0.0000,0.0000
8.9864,421.8605,700.0000,509.7363,677.0000,0.0000,0.0000
9.0032,424.1957,700.0000,509.7363,677.0000,0.0000,0.0000
9.0196,426.5869,700.0000,509.7363,677.0000,0.0000,0.0000
9.0360,428.9998,700.0000,509.7363,677.0000,0.0000,0.0000
9.0532,431.5676,700.0000,509.7363,677.0000,0.0000,0.0000
9.0697,434.1516,700.0000,509.7363,677.0000,0.0000,0.0000
9.0864,436.7623,700.0000,509.7363,677.0000,0.0000,0.0000
9.1027,439.4284,700.0000,509.7363,677.0000,0.0000,0.0000
9.1197,442.2147,700.0000,509.7363,677.0000,0.0000,0.0000
9.1359,444.9518,700.0000,509.7363,677.0000,0.0000,0.0000
9.1530,447.8755,700.0000,509.7363,677.0000,0.0000,0.0000
9.1692,450.6728,700.0000,509.7363,677.0000,0.0000,0.0000
9.1864,453.7098,700.0000,509.7363,677.0000,0.0000,0.0000
9.2029,456.6299,700.0000,509.7363,677.0000,0.0000,0.0000
9.2191,459.6454,700.0000,509.7363,677.0000,0.0000,0.0000
9.2363,462.7755,700.0000,509.7363,677.0000,0.0000,0.0000
9.2533,465.9457,700.0000,509.7363,677.0000,0.0000,0.0000
9.2692,468.9827,700.0000,509.7363,677.0000,0.0000,0.0000
9.2858,472.1493,700.0000,509.7363,677.0000,0.0000,0.0000
9.3027,475.3497,700.0000,509.7363,677.0000,0.0000,0.0000
9.3194,478.6218,700.0000,509.7363,677.0000,0.0000,0.0000
9.3363,481.9059,700.0000,509.7363,677.0000,0.0000,0.0000
9.3525,485.1801,700.0000,509.7363,677.0000,0.0000,0.0000
9.3691,488.5229,700.0000,509.7363,677.0000,0.0000,0.0000
9.3864,491.9747,700.0000,509.7363,677.0000,0.0000,0.0000
9.4030,495.3722,700.0000,509.7363,677.0000,0.0000,0.0000
9.4193,498.7128,700.0000,509.7363,677.0000,0.0000,0.0000
9.4362,502.1389,700.0000,509.7363,677.0000,0.0000,0.0000
9.4529,505.6718,700.0000,509.7363,677.0000,0.0000,0.0000
9.4693,509.1018,700.0000,509.7363,677.0000,0.0000,0.0000
9.4866,512.7217,700.0000,509.7363,677.0000,0.0000,0.0000
9.5026,516.1294,700.0000,509.7363,677.0000,0.0000,0.0000
9.5195,519.7266,700.0000,509.7363,677.0000,0.0000,0.0000
9.5367,523.3647,700.0000,509.7363,677.0000,0.0000,0.0000
9.5529,526.8488,700.0000,509.7363,677.0000,0.0000,0.0000
9.5696,530.4144,700.0000,509.7363,677.0000,0.0000,0.0000
9.5862,534.1272,700.0000,509.7363,677.0000,0.0000,0.0000
9.6024,537.6816,700.0000,509.7363,677.0000,0.0000,0.0000
9.6198,541.3166,700.0000,509.7363,677.0000,0.0000,0.0000
9.6366,545.0544,700.0000,509.7363,677.0000,0.0000,0.0000
9.6525,548.6518,700.0000,509.7363,677.0000,0.0000,0.0000
9.6701,552.3510,700.0000,509.7363,677.0000,0.0000,0.0000
9.6867,556.1747,700.0000,509.7363,677.0000,0.0000,0.0000
9.7028,559.7878,700.0000,509.7363,677.0000,0.0000,0.0000
9.7192,563.5469,700.0000,509.7363,677.0000,0.0000,0.0000
9.7361,567.2725,700.0000,509.7363,677.0000,0.0000,0.0000
9.7532,571.1217,700.0000,509.7363,677.0000,0.0000,0.0000
9.7696,574.8009,700.0000,509.7363,677.0000,0.0000,0.0000
9.7863,578.6258,700.0000,509.7363,677.0000,0.0000,0.0000
9.8029,582.3470,700.0000,509.7363,677.0000,0.0000,0.0000
9.8192,585.9380,700.0000,509.7363,677.0000,0.0000,0.0000
9.8363,589.5023,700.0000,509.7363,677.0000,0.0000,0.0000
9.8523,592.7437,700.0000,509.7363,677.0000,0.0000,0.0000
9.8690,595.9470,700.0000,509.7363,677.0000,0.0000,0.0000
9.8857,599.0181,700.0000,509.7363,677.0000,0.0000,0.0000
9.9030,602.0298,700.0000,509.7363,677.0000,0.0000,0.0000
9.9192,604.7686,700.0000,509.7363,677.0000,0.0000,0.0000
9.9367,607.5683,700.0000,509.7363,677.0000,0.0000,0.0000
9.9526,610.0700,700.0000,509.7363,677.0000,0.0000,0.0000
9.9694,612.5577,700.0000,509.7363,677.0000,0.0000,0.0000
9.9866,614.9700,700.0000,509.7363,677.0000,0.0000,0.0000
10.0028,617.2423,700.0000,509.7363,677.0000,0.0000,0.0000
10.0194,619.3960,700.0000,509.7363,677.0000,0.0000,0.0000
10.0361,621.5107,700.0000,509.9852,677.0000,0.2490,0.0000
10.0530,623.3889,700.0000,510.4681,677.0000,0.4829,0.0000
10.0694,624.9673,700.0000,511.0855,677.0000,0.6174,0.0000
10.0864,626.3562,700.0000,511.8292,677.0000,0.7437,0.0000
10.1032,627.5118,700.0000,512.6266,677.0000,0.7974,0.0000
10.1198,628.4473,700.0000,513.4389,677.0000,0.8123,0.0000
10.1360,629.1590,700.0000,514.2105,677.0000,0.7716,0.0000
10.1527,629.7009,700.0000,514.9767,677.0000,0.7662,0.0000
10.1693,630.0536,700.0000,515.6812,677.0000,0.7046,0.0000
10.1861,630.2280,700.0000,516.3192,677.0000,0.6380,0.0000
10.2024,630.2294,700.0000,516.8619,677.0000,0.5426,0.0000
10.2192,630.0670,700.0000,517.3067,677.0000,0.4448,0.0000
10.2361,629.7417,700.0000,517.6484,677.0000,0.3417,0.0000
10.2524,629.2696,700.0000,517.8734,677.0000,0.2250,0.0000
10.2691,628.6531,700.0000,517.9816,677.0000,0.1082,0.0000
10.2860,627.8874,700.0000,517.9816,677.0000,0.0000,0.0000
10.3026,626.9919,700.0000,517.9816,677.0000,0.0000,0.0000
10.3191,625.9744,700.0000,517.9816,677.0000,0.0000,0.0000
10.3357,624.8349,700.0000,517.9816,677.0000,0.0000,0.0000
10.3526,623.5784,700.0000,517.9816,677.0000,0.0000,0.0000
10.3696,622.1740,700.0000,517.9816,677.0000,0.0000,0.0000
10.3864,620.6666,700.0000,517.9816,677.0000,0.0000,0.0000
10.4027,619.1233,700.0000,517.9816,677.0000,0.0000,0.0000
10.4190,617.4430,700.0000,517.9816,677.0000,0.0000,0.0000
10.4359,615.6454,700.0000,517.9816,677.0000,0.0000,0.0000
10.4529,613.7548,700.0000,517.9816,677.0000,0.0000,0.0000
10.4692,611.8118,700.0000,517.9816,677.0000,0.0000,0.0000
10.4863,609.6969,700.0000,517.9816,677.0000,0.0000,0.0000
10.5031,607.6286,700.0000,517.9816,677.0000,0.0000,0.0000
10.5193,605.4324,700.0000,517.9816,677.0000,0.0000,0.0000
10.5364,603.1485,700.0000,517.9816,677.0000,0.0000,0.0000
10.5531,600.7641,700.0000,517.9816,677.0000,0.0000,0.0000
10.5693,598.3990,700.0000,517.9816,677.0000,0.0000,0.0000
10.5860,595.8950,700.0000,517.9816,677.0000,0.0000,0.0000
10.6030,593.3585,700.0000,517.9816,677.0000,0.0000,0.0000
10.6197,590.6505,700.0000,517.9816,677.0000,0.0000,0.0000
10.6360,588.0764,700.0000,517.9816,677.0000,0.0000,0.0000
10.6525,585.3675,700.0000,517.9816,677.0000,0.0000,0.0000
10.6691,582.6060,700.0000,517.9816,677.0000,0.0000,0.0000
10.6857,579.7941,700.0000,517.9816,677.0000,0.0000,0.0000
10.7026,576.8988,700.0000,517.9816,677.0000,0.0000,0.0000
10.7192,573.9916,700.0000,517.9816,677.0000,0.0000,0.0000
10.7360,571.0219,700.0000,517.9816,677.0000,0.0000,0.0000
10.7528,568.0091,700.0000,517.9816,677.0000,0.0000,0.0000
10.7691,564.9735,700.0000,517.9816,677.0000,0.0000,0.0000
10.7861,561.8799,700.0000,517.9816,677.0000,0.0000,0.0000
10.8031,558.6536,700.0000,517.9816,677.0000,0.0000,0.0000
10.8190,555.5805,700.0000,517.9816,677.0000,0.0000,0.0000
10.8363,552.3195,700.0000,517.9816,677.0000,0.0000,0.0000
10.8523,549.1608,700.0000,517.9816,677.0000,0.0000,0.0000
10.8691,545.8925,700.0000,517.9816,677.0000,0.0000,0.0000
10.8855,542.6133,700.0000,517.9816,677.0000,0.0000,0.0000
10.9030,539.1643,700.0000,517.9816,677.0000,0.0000,0.0000
10.9191,535.9484,700.0000,517.9816,677.0000,0.0000,0.0000
10.9359,532.5647,700.0000,517.9816,677.0000,0.0000,0.0000
10.9527,529.1344,700.0000,517.9816,677.0000,0.0000,0.0000
10.9696,525.6582,700.0000,517.9816,677.0000,0.0000,0.0000
10.9860,522.2826,700.0000,517.9816,677.0000,0.0000,0.0000
11.0024,518.8012,700.0000,517.9816,677.0000,0.0000,0.0000
11.0196,515.2767,700.0000,517.9816,677.0000,0.0000,0.0000
11.0365,511.7733,700.0000,517.9816,677.0000,0.0000,0.0000
11.0525,508.2500,700.0000,517.9816,677.0000,0.0000,0.0000
11.0693,504.6861,700.0000,517.9816,677.0000,0.0000,0.0000
11.0857,501.1251,700.0000,517.9816,677.0000,0.0000,0.0000
11.1026,497.5249,700.0000,517.9816,677.0000,0.0000,0.0000
11.1197,493.8206,700.0000,517.9816,677.0000,0.0000,0.0000
11.1362,490.2740,700.0000,517.9816,677.0000,0.0000,0.0000
11.1529,486.5589,700.0000,517.9816,677.0000,0.0000,0.0000
11.1694,482.9823,700.0000,517.9816,677.0000,0.0000,0.0000
11.1860,479.3036,700.0000,517.9816,677.0000,0.0000,0.0000
11.2031,475.5223,700.0000,517.9816,677.0000,0.0000,0.0000
11.2199,471.7940,700.0000,517.9816,677.0000,0.0000,0.0000
11.2359,468.2091,700.0000,517.9816,677.0000,0.0000,0.0000
11.2528,464.4784,700.0000,517.9816,677.0000,0.0000,0.0000
11.2704,460.5789,700.0000,517.9816,677.0000,0.0000,0.0000
11.2858,457.0052,700.0000,517.9816,677.0000,0.0000,0.0000
11.3030,453.1280,700.0000,517.9816,677.0000,0.0000,0.0000
11.3199,449.5118,700.0000,517.9816,677.0000,0.0000,0.0000
11.3356,445.7274,700.0000,517.9816,677.0000,0.0000,0.0000
11.3534,441.9747,700.0000,517.9816,677.0000,0.0000,0.0000
11.3691,438.6415,700.0000,517.9816,677.0000,0.0000,0.0000
11.3862,435.2297,700.0000,517.9816,677.0000,0.0000,0.0000
11.4024,432.1086,700.0000,517.9816,677.0000,0.0000,0.0000
11.4197,429.0079,700.0000,517.9816,677.0000,0.0000,0.0000
11.4364,426.0368,700.0000,517.9816,677.0000,0.0000,0.0000
11.4530,423.2383,700.0000,517.9816,677.0000,0.0000,0.0000
11.4697,420.5391,700.0000,517.9816,677.0000,0.0000,0.0000
11.4864,417.9515,700.0000,517.9816,677.0000,0.0000,0.0000
11.5029,415.5134,700.0000,517.9816,677.0000,0.0000,0.0000
11.5197,413.1197,700.0000,517.9816,677.0000,0.0000,0.0000
11.5366,410.7992,700.0000,517.9816,677.0000,0.0000,0.0000
11.5526,408.7017,700.0000,517.9816,677.0000,0.0000,0.0000
11.5691,406.6029,700.0000,517.7892,677.0000,-0.1924,0.0000
11.5861,404.5908,699.8342,517.3428,677.0000,-0.4463,0.0000
11.6026,402.6729,699.5124,516.6948,677.0000,-0.6481,0.0000
11.6198,400.7701,699.0175,515.8451,677.0000,-0.8497,0.0000
11.6361,399.0498,698.4138,514.9232,677.0000,-0.9219,0.0000
11.6530,397.3204,697.6353,513.8446,677.0000,-1.0786,0.0000
11.6696,395.7291,696.7609,512.7372,677.0000,-1.1073,0.0000
11.6862,394.1571,695.7294,511.5332,677.0000,-1.2040,0.0000
11.7030,392.6419,694.5654,510.2787,677.0000,-1.2546,0.0000
11.7199,391.1817,693.2722,508.9881,677.0000,-1.2906,0.0000
11.7363,389.8303,691.9151,507.7314,677.0000,-1.2567,0.0000
11.7527,388.5412,690.4627,506.4774,677.0000,-1.2540,0.0000
11.7691,387.2823,688.8805,505.2014,677.0000,-1.2761,0.0000
11.7863,386.0404,687.1458,503.8946,677.0000,-1.3067,0.0000
11.8025,384.9109,685.4122,502.6758,677.0000,-1.2188,0.0000
11.8194,383.8011,683.5448,501.4442,677.0000,-1.2316,0.0000
11.8364,382.7062,681.5289,500.1978,677.0000,-1.2464,0.0000
11.8532,381.6693,679.4501,498.9945,677.0000,-1.2033,0.0000
11.8691,380.7153,677.3812,497.8712,677.0000,-1.1232,0.0000
11.8864,379.7778,675.1844,496.7481,677.0000,-1.1232,0.0000
11.9027,378.8736,672.8998,495.6492,677.0000,-1.0989,0.0000
11.9199,377.9868,670.4858,494.5562,677.0000,-1.0930,0.0000
11.9363,377.1805,668.1343,493.5555,677.0000,-1.0007,0.0000
11.9536,376.3607,665.5682,492.5237,677.0000,-1.0318,0.0000
11.9695,375.6152,663.0764,491.5811,677.0000,-0.9426,0.0000
11.9861,374.8871,660.4790,490.6521,677.0000,-0.9290,0.0000
12.0027,374.1930,657.8408,489.7608,677.0000,-0.8914,0.0000
12.0194,373.5195,655.1152,488.8898,677.0000,-0.8710,0.0000
12.0358,372.8774,652.3532,488.0554,677.0000,-0.8344,0.0000
12.0532,372.2405,649.4375,487.2215,677.0000,-0.8339,0.0000
12.0697,371.6612,646.6277,486.4628,677.0000,-0.7587,0.0000
12.0858,371.0988,643.7376,485.7226,677.0000,-0.7402,0.0000
12.1032,370.5374,640.6774,484.9790,677.0000,-0.7436,0.0000
12.1193,370.0299,637.7544,484.3075,677.0000,-0.6714,0.0000
12.1360,369.5283,634.7000,483.7064,677.0000,-0.6011,0.0000
12.1528,369.0447,631.5871,483.1863,677.0000,-0.5201,0.0000
12.1697,368.5864,628.4738,482.7441,677.0000,-0.4422,0.0000
12.1869,368.1368,625.2478,482.3548,677.0000,-0.3893,0.0000
12.2030,367.7159,622.0632,482.0280,677.0000,-0.3268,0.0000
12.2190,367.3192,618.9043,481.7513,677.0000,-0.2767,0.0000
12.2361,366.9228,615.5765,481.5028,677.0000,-0.2485,0.0000
12.2527,366.5560,612.3364,481.2966,677.0000,-0.2062,0.0000
12.2694,366.1979,609.0075,481.1157,677.0000,-0.1809,0.0000
12.2860,365.8585,605.6909,480.9617,676.8193,-0.1540,-0.1807
12.3027,365.5292,602.3069,480.8275,676.1896,-0.1342,-0.6297
12.3197,365.2080,598.8352,480.7101,675.1463,-0.1174,-1.0434
12.3363,364.9108,595.4620,480.6127,673.8174,-0.0974,-1.3289
12.3533,364.6140,591.9199,480.5253,672.1203,-0.0874,-1.6971
12.3700,364.3393,588.4797,480.4528,670.2379,-0.0725,-1.8824
12.3861,364.0773,585.0390,480.3907,668.1522,-0.0621,-2.0856
12.4033,363.8128,581.3871,480.3343,665.7350,-0.0563,-2.4173
12.4191,363.5778,577.9910,480.2895,663.3553,-0.0448,-2.3797
12.4358,363.3440,574.4483,480.2493,660.7314,-0.0402,-2.6238
12.4533,363.1108,570.7365,480.2134,657.8485,-0.0359,-2.8830
12.4696,362.9000,567.2222,480.1843,655.0341,-0.0291,-2.8144
12.4867,362.6905,563.5611,480.1583,652.0043,-0.0260,-3.0298
12.5030,362.4932,559.9488,480.1363,648.9435,-0.0220,-3.0608
12.5203,362.2963,556.1675,480.1166,645.6596,-0.0197,-3.2839
12.5364,362.1194,552.6125,480.1008,642.5328,-0.0158,-3.1268
12.5529,361.9495,549.0437,480.0871,639.3461,-0.0137,-3.1867
12.5691,361.7826,545.3732,480.0750,636.0192,-0.0121,-3.3268
12.5868,361.6161,541.5338,480.0642,632.4888,-0.0108,-3.5304
12.6031,361.4638,537.8595,480.0554,629.0900,-0.0089,-3.3988
12.6199,361.3168,534.1509,480.0477,625.6290,-0.0077,-3.4609
12.6358,361.1784,530.4981,480.0412,622.2000,-0.0065,-3.4290
12.6526,361.0424,526.7445,480.0354,618.6477,-0.0057,-3.5523
12.6695,360.9127,523.0027,480.0305,615.0888,-0.0049,-3.5589
12.6860,360.7877,519.2281,480.0263,611.4799,-0.0043,-3.6089
12.7026,360.6678,515.4436,480.0226,607.8466,-0.0037,-3.6334
12.7193,360.5535,511.6724,480.0195,604.2142,-0.0031,-3.6323
12.7364,360.4408,507.7782,480.0167,600.4433,-0.0028,-3.7709
12.7527,360.3377,504.0579,480.0144,596.8431,-0.0023,-3.6002
12.7703,360.2323,500.0775,480.0123,592.9633,-0.0021,-3.8798
12.7863,360.1376,496.3411,480.0106,589.3308,-0.0017,-3.6325
12.8033,360.0462,492.5744,480.0092,585.6592,-0.0015,-3.6716
12.8203,359.9544,488.6162,480.0079,581.7809,-0.0013,-3.8783
12.8363,359.8704,484.8352,480.0068,578.0833,-0.0011,-3.6976
12.8535,359.7884,480.9784,480.0058,574.3008,-0.0009,-3.7825
12.8691,359.7125,477.2539,480.0050,570.6524,-0.0008,-3.6484
12.8858,359.6370,473.3845,480.0043,566.8472,-0.0007,-3.8052
12.9028,359.5639,469.4627,480.0037,562.9833,-0.0006,-3.8639
12.9191,359.4953,465.6281,480.0032,559.2083,-0.0005,-3.7750
12.9358,359.4292,461.7648,480.0028,555.3998,-0.0004,-3.8085
12.9531,359.3632,457.7331,480.0024,551.4107,-0.0004,-3.9891
12.9692,359.3043,453.9763,480.0021,547.7100,-0.0003,-3.7007
12.9858,359.2460,450.0980,480.0018,543.8782,-0.0003,-3.8319
13.0025,359.1898,446.1918,480.0015,540.0145,-0.0002,-3.8636
13.0190,359.1359,442.2811,480.0013,536.1443,-0.0002,-3.8702
13.0360,359.0843,438.3661,480.0011,532.2679,-0.0002,-3.8765
13.0527,359.0348,434.4471,480.0010,528.3855,-0.0002,-3.8824
13.0697,358.9873,430.5242,480.0008,524.4974,-0.0001,-3.8880
13.0869,358.9405,426.4799,480.0007,520.4793,-0.0001,-4.0181
13.1027,358.8984,422.6909,480.0006,516.7309,-0.0001,-3.7484
13.1197,358.8558,418.6866,480.0005,512.7523,-0.0001,-3.9787
13.1366,358.8150,414.6788,480.0005,508.7695,-0.0001,-3.9828
13.1527,358.7784,410.9274,480.0004,505.0572,-0.0001,-3.7123
13.1691,358.7415,406.9843,480.0003,501.1396,-0.0001,-3.9176
13.1859,358.7061,403.0382,480.0003,497.2181,-0.0000,-3.9216
13.2031,358.6717,399.0184,480.0003,493.2174,-0.0000,-4.0007
13.2197,358.6397,395.1378,480.0002,489.3642,-0.0000,-3.8532
13.2372,358.6070,390.9706,480.0002,485.2048,-0.0000,-4.1594
13.2527,358.5789,387.2510,480.0002,481.5213,-0.0000,-3.6835
13.2693,358.5502,383.2921,480.0001,477.5819,-0.0000,-3.9394
13.2858,358.5228,379.3309,480.0001,473.6394,-0.0000,-3.9424
13.3028,358.4966,375.3913,480.0001,469.7193,-0.0000,-3.9201
13.3195,358.4713,371.4259,480.0001,465.7709,-0.0000,-3.9484
13.3365,358.4466,367.3635,480.0001,461.7188,-0.0000,-4.0521
13.3529,358.4240,363.5130,480.0001,457.8922,-0.0000,-3.8267
13.3694,358.4017,359.5181,480.0001,453.9106,-0.0000,-3.9816
13.3865,358.3801,355.4976,480.0000,449.9016,-0.0000,-4.0090
13.4032,358.3599,351.5707,480.0000,445.9919,-0.0000,-3.9097
13.4197,358.3402,347.5707,480.0000,442.0037,-0.0000,-3.9882
13.4358,358.3218,343.6882,480.0000,438.1402,-0.0000,-3.8636
13.4525,358.3039,339.7328,480.0000,434.1979,-0.0000,-3.9422
13.4698,358.2861,335.6330,480.0000,430.1013,-0.0000,-4.0966
13.4858,358.2700,331.7702,480.0000,426.2577,-0.0000,-3.8437
13.5027,358.2541,327.7869,480.0000,422.2845,-0.0000,-3.9731
13.5192,358.2389,323.8023,480.0000,418.3098,-0.0000,-3.9747
13.5361,358.2243,319.8165,480.0000,414.3336,-0.0000,-3.9763
13.5530,358.2101,315.7819,480.0000,410.3050,-0.0000,-4.0286
13.5696,358.1967,311.7939,480.0000,406.3263,-0.0000,-3.9787
13.5865,358.1837,307.7810,480.0000,402.3207,-0.0000,-4.0056
13.6032,358.1717,303.8864,480.0000,398.4409,-0.0000,-3.8798
13.6198,358.1597,299.8476,480.0000,394.4065,-0.0000,-4.0345
13.6364,358.1486,295.9273,480.0000,390.4984,-0.0000,-3.9080
13.6526,358.1378,291.9582,480.0000,386.5378,-0.0000,-3.9607
13.6693,358.1273,287.9645,480.0000,382.5503,-0.0000,-3.9874
13.6869,358.1170,283.8265,480.0000,378.4088,-0.0000,-4.1415
13.7023,358.1079,280.0225,480.0000,374.6240,-0.0000,-3.7848
13.7198,358.0985,275.9307,480.0000,370.5311,-0.0000,-4.0929
13.7358,358.0899,272.0534,480.0000,366.6676,-0.0000,-3.8636
13.7527,358.0814,268.0559,480.0000,362.6748,-0.0000,-3.9928
13.7693,358.0733,264.0337,480.0000,358.6557,-0.0000,-4.0190
13.7857,358.0656,260.0588,480.0000,354.6872,-0.0000,-3.9686
13.8027,358.0582,256.0832,480.0000,350.7177,-0.0000,-3.9695
13.8192,358.0510,252.0831,480.0000,346.7217,-0.0000,-3.9960
13.8365,358.0440,247.9868,480.0000,342.6229,-0.0000,-4.0988
13.8527,358.0376,244.0814,480.0000,338.7285,-0.0000,-3.8944
13.8692,358.0314,240.1037,480.0000,334.7561,-0.0000,-3.9724
13.8860,358.0253,236.1015,480.0000,330.7573,-0.0000,-3.9988
13.9026,358.0196,232.1228,480.0000,326.7836,-0.0000,-3.9738
13.9193,358.0140,228.0957,480.0000,322.7580,-0.0000,-4.0256
13.9359,358.0087,224.1161,480.0000,318.7832,-0.0000,-3.9748
13.9526,358.0036,220.1361,480.0000,314.8077,-0.0000,-3.9755
13.9692,357.9987,216.1317,480.0000,310.8059,-0.0000,-4.0017
13.9861,357.9940,212.1270,480.0000,306.8038,-0.0000,-4.0022
14.0028,357.9895,208.0979,480.0000,302.7756,-0.0000,-4.0281
14.0198,357.9851,204.0205,480.0000,298.6962,-0.0000,-4.0795
14.0367,357.9810,200.0148,480.0000,294.6937,-0.0000,-4.0025
14.0525,357.9772,196.1286,480.0000,291.3435,-0.0000,-3.3502
14.0694,357.9734,192.1461,480.0000,288.3815,-0.0000,-2.9620
14.0863,357.9697,188.0914,480.0000,285.7879,-0.0000,-2.5936
14.1027,357.9663,184.1323,480.0000,283.6092,-0.0000,-2.1787
14.1190,357.9629,180.1490,480.0000,281.7206,-0.0000,-1.8886
14.1360,357.9597,176.1174,480.0000,280.0759,-0.0000,-1.6447
14.1525,357.9566,172.1096,480.0000,278.6698,-0.0000,-1.4061
14.1694,357.9537,168.1255,480.0000,277.4667,-0.0000,-1.2032
14.1860,357.9509,164.1412,480.0000,276.4305,-0.0000,-1.0362
14.2028,357.9481,160.0847,480.0000,275.5231,-0.0000,-0.9073
14.2199,357.9455,156.0999,480.0000,274.7567,-0.0000,-0.7665
14.2369,357.9430,151.9471,480.0000,274.0708,-0.0000,-0.6858
14.2527,357.9407,148.1300,480.0000,273.5281,-0.0000,-0.5428
14.2700,357.9383,143.9768,480.0000,273.0194,-0.0000,-0.5087
14.2864,357.9362,140.0153,480.0000,272.6027,-0.0000,-0.4167
14.3027,357.9341,136.0777,480.0000,272.2455,-0.0000,-0.3572
14.3193,357.9321,132.1159,480.0000,271.9357,-0.0000,-0.3099
14.3362,357.9302,128.1059,480.0000,271.6655,-0.0000,-0.2701
14.3525,357.9283,124.1197,480.0000,271.4344,-0.0000,-0.2311
14.3694,357.9265,120.1094,480.0000,271.2342,-0.0000,-0.2002
14.3865,357.9248,116.0029,480.0000,271.0582,-0.0000,-0.1761
14.4031,357.9231,111.9924,480.0000,270.9105,-0.0000,-0.1477
14.4197,357.9216,108.0538,480.0000,270.7856,-0.0000,-0.1249
14.4360,357.9201,104.0910,480.0000,270.6772,-0.0000,-0.1084
14.4531,357.9187,100.0800,480.0000,270.5827,-0.0000,-0.0945
14.4697,357.9173,95.9969,480.0000,270.5000,-0.0000,-0.0827
14.4866,357.9160,92.0098,480.0000,270.4306,-0.0000,-0.0694
14.5032,357.9147,87.9746,480.0000,270.3702,-0.0000,-0.0604
14.5196,357.9135,84.0593,480.0000,270.3197,-0.0000,-0.0505
14.5360,357.9123,80.0718,480.0000,270.2753,-0.0000,-0.0444
14.5530,357.9112,76.0122,480.0000,270.2365,-0.0000,-0.0388
14.5695,357.9101,72.0966,480.0000,270.2042,-0.0000,-0.0323
14.5857,357.9091,70.0000,480.0000,270.1757,-0.0000,-0.0285
14.6029,357.9081,70.0000,480.0000,270.1506,-0.0000,-0.0251
14.6191,357.9072,70.0000,480.0000,270.1302,-0.0000,-0.0204
14.6366,357.9062,70.0000,480.0000,270.1113,-0.0000,-0.0189
14.6528,357.9054,70.0000,480.0000,270.0963,-0.0000,-0.0150
14.6694,357.9046,70.0000,480.0000,270.0829,-0.0000,-0.0134
14.6858,357.9038,70.0000,480.0000,270.0714,-0.0000,-0.0115
14.7033,357.9030,70.0000,480.0000,270.0612,-0.0000,-0.0102
14.7194,357.9023,70.0000,480.0000,270.0529,-0.0000,-0.0083
14.7370,357.9015,70.0000,480.0000,270.0452,-0.0000,-0.0077
14.7528,357.9009,70.0000,480.0000,270.0392,-0.0000,-0.0060
14.7698,357.9002,70.0000,480.0000,270.0336,-0.0000,-0.0056
14.7861,357.8996,70.0000,480.0000,270.0290,-0.0000,-0.0045
14.8033,357.8990,70.0000,480.0000,270.0249,-0.0000,-0.0041
14.8194,357.8985,70.0000,480.0000,270.0215,-0.0000,-0.0034
14.8360,357.8979,70.0000,480.0000,270.0185,-0.0000,-0.0030
14.8529,357.8974,70.0000,480.0000,270.0159,-0.0000,-0.0026
14.8696,357.8969,70.0000,480.0000,270.0137,-0.0000,-0.0022
14.8862,357.8964,70.0000,480.0000,270.0118,-0.0000,-0.0019
14.9027,357.8959,70.0000,480.0000,270.0102,-0.0000,-0.0016
14.9202,357.8955,70.0000,480.0000,270.0087,-0.0000,-0.0015
14.9359,357.8951,70.0000,480.0000,270.0075,-0.0000,-0.0012
14.9530,357.8947,70.0000,480.0000,270.0065,-0.0000,-0.0011
14.9694,357.8943,70.0000,480.0000,270.0056,-0.0000,-0.0009
14.9860,357.8939,70.0000,480.0000,270.0048,-0.0000,-0.0008
15.0032,357.8935,70.1434,480.0000,270.0041,-0.0000,-0.0007
15.0203,357.8932,70.4585,480.0000,270.0035,-0.0000,-0.0006
15.0360,357.8929,70.9013,480.0000,270.0031,-0.0000,-0.0005
15.0525,357.8926,71.5046,480.0000,270.0026,-0.0000,-0.0004
15.0691,357.8923,72.2435,480.0000,270.0023,-0.0000,-0.0004
15.0858,357.8920,73.1220,480.0000,270.0020,-0.0000,-0.0003
15.1024,357.8917,74.1231,480.0000,270.0017,-0.0000,-0.0003
15.1193,357.8914,75.2620,480.0000,270.0014,-0.0000,-0.0002
15.1368,357.8912,76.5622,480.0000,270.0012,-0.0000,-0.0002
15.1527,357.8909,77.8783,480.0000,270.0011,-0.0000,-0.0002
15.1698,357.8907,79.3813,480.0000,270.0009,-0.0000,-0.0002
15.1859,357.8905,80.9123,480.0000,270.0008,-0.0000,-0.0001
15.2032,357.8902,82.6336,480.0000,270.0007,-0.0000,-0.0001
15.2197,357.8900,84.3775,480.0000,270.0006,-0.0000,-0.0001
15.2367,357.8898,86.2809,480.0000,270.0005,-0.0000,-0.0001
15.2538,357.8896,88.2637,480.0000,270.0004,-0.0000,-0.0001
15.2700,357.8895,90.2317,480.0000,270.0004,-0.0000,-0.0001
15.2859,357.8893,92.3281,480.0000,270.0003,-0.0000,-0.0001
15.3030,357.8891,94.5553,480.0000,270.0003,-0.0000,-0.0000
15.3193,357.8890,96.8170,480.0000,270.0002,-0.0000,-0.0000
15.3364,357.8888,99.2220,480.0000,270.0002,-0.0000,-0.0000
15.3525,357.8886,101.5503,480.0000,270.0002,-0.0000,-0.0000
15.3700,357.8885,104.0315,480.0000,270.0002,-0.0000,-0.0000
15.3864,357.8884,106.6384,480.0000,270.0001,-0.0000,-0.0000
15.4026,357.8882,109.1652,480.0000,270.0001,-0.0000,-0.0000
15.4193,357.8881,111.8282,480.0000,270.0001,-0.0000,-0.0000
15.4361,357.8880,114.5470,480.0000,270.0001,-0.0000,-0.0000
15.4528,357.8879,117.3192,480.0000,270.0001,-0.0000,-0.0000
15.4692,357.8878,120.1256,480.0000,270.0001,-0.0000,-0.0000
15.4861,357.8877,122.9805,480.0000,270.0001,-0.0000,-0.0000
15.5025,357.8876,125.8998,480.0000,270.0000,-0.0000,-0.0000
15.5200,357.8875,128.9363,480.0000,270.0000,-0.0000,-0.0000
15.5362,357.8874,131.8721,480.0000,270.0000,0.0000,-0.0000
15.5528,357.8873,134.9214,480.0000,270.0000,0.0000,-0.0000
15.5692,357.8872,137.9919,480.0000,270.0000,0.0000,-0.0000
15.5860,357.8871,141.1190,480.0000,270.0000,0.0000,-0.0000
15.6028,357.8870,144.2828,480.0000,270.0000,0.0000,-0.0000
15.6194,357.8870,147.4623,480.0000,270.0000,0.0000,-0.0000
15.6362,357.8869,150.7142,480.0000,270.0000,0.0000,-0.0000
15.6527,357.8868,153.9592,480.0000,270.0000,0.0000,-0.0000
15.6696,357.8868,157.2548,480.0000,270.0000,0.0000,-0.0000
15.6859,357.8867,160.5599,480.0000,270.0000,0.0000,-0.0000
15.7027,357.8866,163.8931,480.0000,270.0000,0.0000,-0.0000
15.7196,357.8866,167.3349,480.0000,270.0000,0.0000,-0.0000
15.7361,357.8865,170.6599,480.0000,270.0000,0.0000,-0.0000
15.7526,357.8865,174.1123,480.0000,270.0000,0.0000,-0.0000
15.7697,357.8864,177.6097,480.0000,270.0000,0.0000,-0.0000
15.7864,357.8864,181.1098,480.0000,270.0000,0.0000,-0.0000
15.8024,357.8863,184.5057,480.0000,270.0000,0.0000,-0.0000
15.8194,357.8863,188.0276,480.0000,270.0000,0.0000,-0.0000
15.8364,357.8862,191.6338,480.0000,270.0000,0.0000,-0.0000
15.8532,357.8862,195.1957,480.0000,270.0000,0.0000,-0.0000
15.8693,357.8861,198.6902,480.0000,270.0000,0.0000,-0.0000
15.8865,357.8861,202.2884,480.0000,270.0000,0.0000,0.0000
15.9026,357.8861,205.8820,480.0000,270.0000,0.0000,0.0000
15.9191,357.8860,209.5137,480.0000,270.0000,0.0000,0.0000
15.9367,357.8860,213.2707,480.0000,270.0000,0.0000,0.0000
15.9531,357.8860,216.8456,480.0000,270.0000,0.0000,0.0000
15.9697,357.8859,220.4786,480.0000,270.0000,0.0000,0.0000
15.9866,357.8859,224.2582,480.0000,270.0000,0.0000,0.0000
16.0027,357.8859,227.8515,480.0000,270.0000,0.0000,0.0000
16.0195,357.8858,231.6131,480.0000,270.0000,0.0000,0.0000
16.0360,357.8858,235.2976,480.0000,270.0000,0.0000,0.0000
16.0526,357.8858,239.0386,480.0000,270.0000,0.0000,0.0000
16.0693,357.8858,242.7683,480.0000,270.0000,0.0000,0.0000
16.0860,357.8857,246.5312,480.0000,270.0000,0.0000,0.0000
16.1029,357.8857,250.3046,480.0000,270.0000,0.0000,0.0000
16.1194,357.8857,254.0651,480.0000,270.0000,0.0000,0.0000
16.1360,357.8857,257.8578,480.0000,270.0000,0.0000,0.0000
16.1526,357.8857,261.6369,480.0000,270.0000,0.0000,0.0000
16.1694,357.8856,265.4474,480.0000,270.0000,0.0000,0.0000
16.1863,357.8856,269.2664,480.0000,270.0000,0.0000,0.0000
16.2033,357.8856,273.1851,480.0000,270.0000,0.0000,0.0000
16.2197,357.8856,276.9739,480.0000,270.0000,0.0000,0.0000
16.2367,357.8856,280.9082,480.0000,270.0000,0.0000,0.0000
16.2530,357.8856,284.5960,480.0000,270.0000,0.0000,0.0000
16.2705,357.8855,288.7292,480.0000,270.0000,0.0000,0.0000
16.2863,357.8855,292.3140,480.0000,270.0000,0.0000,0.0000
16.3032,357.8855,296.2754,480.0000,270.0000,0.0000,0.0000
16.3193,357.8855,300.0108,480.0000,270.0000,0.0000,0.0000
16.3358,357.8855,303.8912,480.0000,270.0000,0.0000,0.0000
16.3525,357.8855,307.7770,480.0000,270.0000,0.0000,0.0000
16.3700,357.8855,311.7847,480.0000,270.0000,0.0000,0.0000
16.3861,357.8855,315.5409,480.0000,270.0000,0.0000,0.0000
16.4027,357.8854,319.4419,480.0000,270.0000,0.0000,0.0000
16.4194,357.8854,323.3476,480.0000,270.0000,0.0000,0.0000
16.4365,357.8854,327.2343,480.0000,270.0000,0.0000,0.0000
16.4526,357.8854,331.1252,480.0000,270.0000,0.0000,0.0000
16.4698,357.8854,335.0906,480.0000,270.0000,0.0000,0.0000
16.4863,357.8854,338.9896,480.0000,270.0000,0.0000,0.0000
16.5030,357.8854,342.8922,480.0000,270.4014,0.0000,0.4014
16.5199,357.8854,346.8691,480.0000,271.3139,0.0000,0.9126
16.5358,357.8854,350.7081,480.0000,272.5958,0.0000,1.2818
16.5526,357.8854,354.6682,480.0000,274.2898,0.0000,1.6941
16.5699,357.8854,358.6788,480.0000,276.3312,0.0000,2.0414
16.5866,357.8854,362.6215,480.0000,278.6045,0.0000,2.2733
16.6034,357.8853,366.6381,480.0000,281.1629,0.0000,2.5584
16.6193,357.8853,370.4211,480.0000,283.7457,0.0000,2.5828
16.6359,357.8853,374.3250,480.0000,286.5856,0.0000,2.8399
16.6526,357.8853,378.2788,480.0000,289.6129,0.0000,3.0273
16.6695,357.8853,382.2588,480.0000,292.7907,0.0000,3.1778
16.6865,357.8853,386.1937,480.0000,296.0385,0.0000,3.2478
16.7032,357.8853,390.1783,480.0000,299.4259,0.0000,3.3874
16.7199,357.8853,394.1177,480.0000,302.8525,0.0000,3.4266
16.7365,357.8853,398.0828,480.0000,306.3734,0.0000,3.5209
16.7525,357.8853,402.0025,480.0000,309.9102,0.0000,3.5368
16.7699,357.8853,406.0666,480.0000,313.6412,0.0000,3.7310
16.7866,357.8853,410.0850,480.0000,317.3724,0.0000,3.7312
16.8025,357.8853,413.8912,480.0000,320.9289,0.0000,3.5565
16.8200,357.8853,417.8894,480.0000,324.7121,0.0000,3.7832
16.8361,357.8853,421.8416,480.0000,328.4770,0.0000,3.7649
16.8529,357.8853,425.8191,480.0000,332.2926,0.0000,3.8156
16.8693,357.8853,429.7744,480.0000,336.1064,0.0000,3.8138
16.8862,357.8853,433.7787,480.0000,339.9895,0.0000,3.8831
16.9028,357.8853,437.7367,480.0000,343.8401,0.0000,3.8506
16.9194,357.8853,441.6960,480.0000,347.7058,0.0000,3.8657
16.9366,357.8853,445.7758,480.0000,351.7098,0.0000,4.0040
16.9531,357.8853,449.7375,480.0000,355.5994,0.0000,3.8896
16.9695,357.8853,453.6289,480.0000,359.4239,0.0000,3.8245
16.9866,357.8853,457.6884,480.0000,363.4338,0.0000,4.0099
17.0028,357.8853,461.6057,480.0000,367.2996,0.0000,3.8659
17.0203,357.8853,465.7628,480.0000,371.4255,0.0000,4.1258
17.0363,357.8853,469.5864,480.0000,375.2022,0.0000,3.7767
17.0528,357.8852,473.5544,480.0000,379.1368,0.0000,3.9346
17.0698,357.8852,477.6428,480.0000,383.2030,0.0000,4.0662
17.0860,357.8852,481.5169,480.0000,387.0443,0.0000,3.8413
17.1026,357.8852,485.4875,480.0000,390.9915,0.0000,3.9472
17.1196,357.8852,489.5067,480.0000,394.9929,0.0000,4.0014
17.1362,357.8852,493.5027,480.0000,398.9714,0.0000,3.9786
17.1534,357.8852,497.6190,480.0000,403.0799,0.0000,4.1085
17.1699,357.8852,501.5925,480.0000,407.0367,0.0000,3.9568
17.1865,357.8852,505.4948,480.0000,410.9198,0.0000,3.8830
17.2025,357.8852,509.4457,480.0000,414.8563,0.0000,3.9366
17.2199,357.8852,513.5169,480.0000,418.9224,0.0000,4.0661
17.2365,357.8852,517.4690,480.0000,422.8619,0.0000,3.9394
17.2534,357.8852,521.4935,480.0000,426.8796,0.0000,4.0177
17.2692,357.8852,525.3988,480.0000,430.7709,0.0000,3.8914
17.2859,357.8852,529.4004,480.0000,434.7662,0.0000,3.9952
17.3031,357.8852,533.4025,480.0000,438.7624,0.0000,3.9962
17.3193,357.8852,537.4051,480.0000,442.7595,0.0000,3.9971
17.3360,357.8852,541.3842,480.0000,446.7319,0.0000,3.9724
17.3528,357.8852,545.4117,480.0000,450.7564,0.0000,4.0245
17.3698,357.8852,549.5114,480.0000,454.8580,0.0000,4.1017
17.3861,357.8852,553.3719,480.0000,458.7043,0.0000,3.8463
17.4025,357.8852,557.3526,480.0000,462.6800,0.0000,3.9757
17.4202,357.8852,561.4775,480.0000,466.8099,0.0000,4.1300
17.4361,357.8852,565.3870,480.0000,470.7092,0.0000,3.8993
17.4531,357.8852,569.4647,480.0000,474.7888,0.0000,4.0795
17.4700,357.8852,573.4947,480.0000,478.8169,0.0000,4.0281
17.4861,357.8852,577.3812,480.0000,482.6922,0.0000,3.8753
17.5030,357.8852,581.3639,480.0000,486.6711,0.0000,3.9789
17.5194,357.8852,585.3709,480.0000,490.6762,0.0000,4.0051
17.5362,357.8852,589.4261,480.0000,494.7327,0.0000,4.0566
17.5529,357.8852,593.3857,480.0000,498.6868,0.0000,3.9541
17.5696,357.8852,597.3455,480.0000,502.6417,0.0000,3.9549
17.5862,357.8852,601.3776,480.0000,506.6741,0.0000,4.0323
17.6026,357.8852,605.3619,480.0000,510.6552,0.0000,3.9812
17.6199,357.8852,609.4183,480.0000,514.7136,0.0000,4.0584
17.6365,357.8852,613.4510,480.0000,518.7462,0.0000,4.0326
17.6536,357.8852,617.5318,480.0000,522.8300,0.0000,4.0838
17.6696,357.8852,621.3729,480.0000,526.6580,0.0000,3.8280
17.6862,357.8852,625.3583,480.0000,530.6409,0.0000,3.9829
17.7030,357.8852,629.4397,480.0000,534.7266,0.0000,4.0857
17.7196,357.8852,633.3774,480.0000,538.6581,0.0000,3.9316
17.7363,357.8852,637.3872,480.0000,542.6673,0.0000,4.0091
17.7525,357.8852,641.3492,480.0000,546.6254,0.0000,3.9581
17.7694,357.8852,645.4314,480.0000,550.7121,0.0000,4.0867
17.7865,357.8852,649.4896,480.0000,554.7726,0.0000,4.0604
17.8029,357.8852,653.4040,480.0000,558.6792,0.0000,3.9067
17.8191,357.8852,657.3666,480.0000,562.6381,0.0000,3.9589
17.8360,357.8852,661.2115,480.0000,566.6255,0.0000,3.9874
17.8528,357.8852,664.8765,480.0000,570.5461,0.0000,3.9205
17.8700,357.8852,668.4924,480.0000,574.5324,0.0000,3.9863
17.8865,357.8852,671.8583,480.0000,578.3246,0.0000,3.7922
17.9029,357.8852,675.0861,480.0000,582.0384,0.0000,3.7138
17.9191,357.8852,678.1634,480.0000,585.6436,0.0000,3.6053
17.9363,357.8852,681.1323,480.0000,589.1808,0.0000,3.5372
17.9532,357.8852,684.0613,480.0000,592.7299,0.0000,3.5490
17.9699,357.8852,686.8194,480.0000,596.1102,0.0000,3.3803
17.9875,357.8852,689.5832,480.0000,599.5488,0.0000,3.4386
18.0027,357.8852,691.8657,480.0000,602.3846,0.0000,2.8358
18.0194,357.8852,694.2996,480.0000,605.4598,0.0000,3.0752
18.0362,357.8852,696.6058,480.0000,608.3944,0.0000,2.9346
18.0528,357.8852,698.8429,480.0000,611.2638,0.0000,2.8694
18.0693,357.8852,700.7987,480.0000,613.9748,0.0000,2.7110
18.0866,357.8852,702.5458,480.0000,616.6094,0.0000,2.6347
18.1032,357.8852,704.0180,480.0000,619.0253,0.0000,2.4159
18.1192,357.8852,705.2471,480.0000,621.2387,0.0000,2.2134
18.1363,357.8852,706.2936,480.0000,623.3513,0.0000,2.1126
18.1526,357.8852,707.1251,480.0000,625.2734,0.0000,1.9221
18.1694,357.8852,707.7512,480.0000,626.9954,0.0000,1.7219
18.1865,357.8852,708.1991,480.0000,628.5935,0.0000,1.5981
18.2032,357.8852,708.4501,480.0000,629.9307,0.0000,1.3372
18.2197,357.8852,708.5314,480.0000,631.1443,0.0000,1.2135
18.2363,357.8852,708.4427,480.0000,632.1628,0.0000,1.0185
18.2526,357.8852,708.1966,480.0000,632.9954,0.0000,0.8327
18.2696,357.8852,707.7888,480.0000,633.6681,0.0000,0.6726
18.2863,357.8852,707.2344,480.0000,634.1658,0.0000,0.4977
18.3029,357.8852,706.5471,480.0000,634.4944,0.0000,0.3286
18.3199,357.8852,705.6971,480.0000,634.6650,0.0000,0.1706
18.3362,357.8852,704.7503,480.0000,634.6767,0.0000,0.0117
18.3535,357.8852,703.6386,480.0000,634.6767,0.0000,0.0000
18.3694,357.8852,702.4575,480.0000,634.6767,0.0000,0.0000
18.3871,357.8852,701.0799,480.0000,634.6767,0.0000,0.0000
18.4032,357.8852,699.6762,480.0000,634.6767,0.0000,0.0000
18.4197,357.8852,698.1612,480.0000,634.6767,0.0000,0.0000
18.4361,357.8852,696.5165,480.0000,634.6767,0.0000,0.0000
18.4526,357.8852,694.7849,480.0000,634.6767,0.0000,0.0000
18.4695,357.8852,692.9605,480.0000,634.6767,0.0000,0.0000
18.4865,357.8852,690.9871,480.0000,634.6767,0.0000,0.0000
18.5028,357.8852,689.0112,480.0000,634.6767,0.0000,0.0000
18.5194,357.8852,686.9295,480.0000,634.6767,0.0000,0.0000
18.5362,357.8852,684.7560,480.0000,634.6767,0.0000,0.0000
18.5531,357.8852,682.5065,480.0000,634.6767,0.0000,0.0000
18.5693,357.8852,680.2127,480.0000,634.6767,0.0000,0.0000
18.5866,357.8852,677.7477,480.0000,634.6767,0.0000,0.0000
18.6029,357.8852,675.3629,480.0000,634.6767,0.0000,0.0000
18.6194,357.8852,672.8402,480.0000,634.6767,0.0000,0.0000
18.6361,357.8852,670.2718,480.0000,634.6767,0.0000,0.0000
18.6531,357.8852,667.5642,480.0000,634.6767,0.0000,0.0000
18.6695,357.8852,664.9293,480.0000,634.6767,0.0000,0.0000
18.6862,357.8852,662.1755,480.0000,634.6767,0.0000,0.0000
18.7035,357.8852,659.3525,480.0000,634.6767,0.0000,0.0000
18.7195,357.8852,656.5486,480.0000,634.6767,0.0000,0.0000
18.7362,357.8852,653.6279,480.0000,634.6767,0.0000,0.0000
18.7529,357.8852,650.6788,480.0000,634.6767,0.0000,0.0000
18.7692,357.8852,647.7038,480.0000,634.6767,0.0000,0.0000
18.7862,357.8852,644.6688,480.0000,634.6767,0.0000,0.0000
18.8028,357.8852,641.6120,480.0000,634.6767,0.0000,0.0000
18.8196,357.8852,638.4414,480.0000,634.6767,0.0000,0.0000
18.8363,357.8852,635.3469,480.0000,634.6767,0.0000,0.0000
18.8529,357.8852,632.1794,480.0000,634.6767,0.0000,0.0000
18.8694,357.8852,628.9781,480.0000,634.6767,0.0000,0.0000
18.8861,357.8852,625.7051,480.0000,634.6767,0.0000,0.0000
18.9028,357.8852,622.4401,480.0000,634.6767,0.0000,0.0000
18.9193,357.8852,619.1253,480.0000,634.6767,0.0000,0.0000
18.9360,357.8852,615.8018,480.0000,634.6767,0.0000,0.0000
18.9528,357.8852,612.4102,480.0000,634.6767,0.0000,0.0000
18.9694,357.8852,609.0328,480.0000,634.6767,0.0000,0.0000
18.9866,357.8852,605.5272,480.0000,634.6767,0.0000,0.0000
19.0030,357.8852,602.1622,480.0000,634.6767,0.0000,0.0000
19.0194,357.8852,598.6913,480.0000,634.6767,0.0000,0.0000
19.0365,357.8852,595.1348,480.0000,634.6767,0.0000,0.0000
19.0530,357.8852,591.7043,480.0000,634.6767,0.0000,0.0000
19.0697,357.8852,588.1902,480.0000,634.6767,0.0000,0.0000
19.0860,357.8852,584.6566,480.0000,634.6767,0.0000,0.0000
19.1032,357.8852,581.0613,480.0000,634.6767,0.0000,0.0000
19.1193,357.8852,577.4908,480.0000,634.6767,0.0000,0.0000
19.1358,357.8852,573.9031,480.0000,634.6767,0.0000,0.0000
19.1525,357.8852,570.2771,480.0000,634.6767,0.0000,0.0000
19.1697,357.8852,566.5475,480.0000,634.6767,0.0000,0.0000
19.1859,357.8852,562.9997,480.0000,634.4492,0.0000,-0.2275
19.2025,357.8852,559.3277,480.0000,633.7345,0.0000,-0.7147
19.2195,357.8852,555.6416,480.0000,632.6051,0.0000,-1.1294
19.2359,357.8852,551.9419,480.0000,631.1171,0.0000,-1.4881
19.2534,357.8852,548.0956,480.0000,629.2396,0.0000,-1.8775
19.2702,357.8852,544.4150,480.0000,627.1938,0.0000,-2.0458
19.2863,357.8852,540.8124,480.0000,624.9841,0.0000,-2.2097
19.3032,357.8852,536.9966,480.0000,622.4322,0.0000,-2.5519
19.3197,357.8852,533.2823,480.0000,619.7895,0.0000,-2.6427
19.3361,357.8852,529.5351,480.0000,616.9787,0.0000,-2.8108
19.3533,357.8852,525.6873,480.0000,613.9581,0.0000,-3.0206
19.3698,357.8852,521.8977,480.0000,610.8796,0.0000,-3.0785
19.3859,357.8852,518.3690,480.0000,607.8256,0.0000,-3.0540
19.4028,357.8852,514.8616,480.0000,604.6032,0.0000,-3.2224
19.4199,357.8852,511.4616,480.0000,601.3201,0.0000,-3.2831
19.4359,357.8852,508.3331,480.0000,598.1835,0.0000,-3.1365
19.4526,357.8852,505.2954,480.0000,595.0250,0.0000,-3.1586
19.4694,357.8852,502.3311,480.0000,591.8405,0.0000,-3.1845
19.4860,357.8852,499.5223,480.0000,588.7433,0.0000,-3.0972
19.5035,357.8852,496.7511,480.0000,585.6063,0.0000,-3.1370
19.5196,357.8852,494.2162,480.0000,582.6876,0.0000,-2.9186
19.5360,357.8852,491.7264,480.0000,579.7625,0.0000,-2.9252
19.5534,357.8852,489.2983,480.0000,576.8592,0.0000,-2.9033
19.5692,357.8852,487.0773,480.0000,574.1754,0.0000,-2.6838
19.5866,357.8852,484.8571,480.0000,571.4496,0.0000,-2.7258
19.6035,357.8852,482.7176,480.0000,568.7921,0.0000,-2.6575
19.6202,357.8852,480.9070,480.0000,566.3518,0.0000,-2.4404
19.6366,357.8852,479.2780,480.0000,563.9427,0.0000,-2.4091
19.6530,357.8852,477.9212,480.0000,561.7442,0.0000,-2.1985
19.6696,357.8852,476.7512,480.0000,559.6287,0.0000,-2.1155
19.6860,357.8852,475.8264,480.0000,557.7454,0.0000,-1.8833
19.7034,357.8852,475.0644,480.0000,555.9170,0.0000,-1.8284
19.7197,357.8852,474.5378,480.0000,554.3820,0.0000,-1.5350
19.7362,357.8852,474.1799,480.0000,552.9583,0.0000,-1.4237
19.7533,357.8852,474.0026,480.0000,551.7155,0.0000,-1.2428
19.7697,357.8852,473.9983,480.0000,550.6326,0.0000,-1.0829
19.7862,357.8852,474.1581,480.0000,549.7341,0.0000,-0.8985
19.8036,357.8852,474.4951,480.0000,548.9787,0.0000,-0.7554
19.8199,357.8852,474.9617,480.0000,548.4275,0.0000,-0.5512
19.8368,357.8852,475.5874,480.0000,548.0289,0.0000,-0.3985
19.8527,357.8852,476.3175,480.0000,547.7981,0.0000,-0.2309
19.8698,357.8852,477.2216,480.0000,547.7167,0.0000,-0.0813
19.8862,357.8852,478.2232,480.0000,547.7167,0.0000,0.0000
19.9030,357.8852,479.3669,480.0000,547.7167,0.0000,0.0000
19.9198,357.8852,480.6538,480.0000,547.7167,0.0000,0.0000
19.9364,357.8852,482.0049,480.0000,547.7167,0.0000,0.0000
19.9527,357.8852,483.4802,480.0000,547.7167,0.0000,0.0000
19.9695,357.8852,485.0688,480.0000,547.7167,0.0000,0.0000
19.9862,357.8852,486.7682,480.0000,547.7167,0.0000,0.0000
20.0028,357.8852,488.5311,480.0000,547.7167,0.0000,0.0000
20.0193,357.8852,490.4075,480.0000,547.7167,0.0000,0.0000
20.0361,357.8852,492.3721,480.0000,547.7167,0.0000,0.0000
20.0533,357.8852,494.4596,480.0000,547.7167,0.0000,0.0000
20.0701,357.8852,496.6310,480.0000,547.7167,0.0000,0.0000
20.0863,357.8852,498.7734,480.0000,547.7167,0.0000,0.0000
20.1027,357.8852,501.0284,480.0000,547.7167,0.0000,0.0000
20.1195,357.8852,503.3677,480.0000,547.7167,0.0000,0.0000
20.1367,357.8852,505.8641,480.0000,547.7167,0.0000,0.0000
20.1533,357.8852,508.3079,480.0000,547.7167,0.0000,0.0000
20.1699,357.8852,510.8281,480.0000,547.7167,0.0000,0.0000
20.1860,357.8852,513.4232,480.0000,547.7167,0.0000,0.0000
20.2030,357.8852,516.0920,480.0000,547.7167,0.0000,0.0000
20.2196,357.8852,518.8163,480.0000,547.7167,0.0000,0.0000
20.2359,357.8852,521.5769,480.0000,547.7167,0.0000,0.0000
20.2534,357.8852,524.4914,480.0000,547.7167,0.0000,0.0000
20.2692,357.8852,527.2650,480.0000,547.7167,0.0000,0.0000
20.2864,357.8852,530.2422,480.0000,547.7167,0.0000,0.0000
20.3027,357.8852,533.1579,480.0000,547.7167,0.0000,0.0000
20.3199,357.8852,536.2248,480.0000,547.7167,0.0000,0.0000
20.3363,357.8852,539.2049,480.0000,547.7167,0.0000,0.0000
20.3529,357.8852,542.2978,480.0000,547.7167,0.0000,0.0000
20.3696,357.8852,545.4287,480.0000,547.7167,0.0000,0.0000
20.3864,357.8852,548.5961,480.0000,547.7167,0.0000,0.0000
20.4029,357.8852,551.7984,480.0000,547.7167,0.0000,0.0000
20.4197,357.8852,555.0147,480.0000,547.7167,0.0000,0.0000
20.4368,357.8852,558.2628,480.0000,547.7167,0.0000,0.0000
20.4536,357.8852,561.6409,480.0000,547.7167,0.0000,0.0000
20.4700,357.8852,564.9494,480.0000,547.7167,0.0000,0.0000
20.4862,357.8852,568.2049,480.0000,547.7167,0.0000,0.0000
20.5029,357.8852,571.6288,480.0000,547.7167,0.0000,0.0000
20.5194,357.8852,574.9972,480.0000,547.7167,0.0000,0.0000
20.5364,357.8852,578.4934,480.0000,547.7167,0.0000,0.0000
20.5526,357.8852,581.8686,480.0000,547.7167,0.0000,0.0000
20.5693,357.8852,585.3495,480.0000,547.7167,0.0000,0.0000
20.5860,357.8852,588.8524,480.0000,547.7167,0.0000,0.0000
20.6027,357.8852,592.3764,480.0000,547.7167,0.0000,0.0000
20.6196,357.8852,595.8993,480.0000,547.7167,0.0000,0.0000
20.6367,357.8852,599.5700,480.0000,547.7167,0.0000,0.0000
20.6532,357.8852,603.1094,480.0000,547.7167,0.0000,0.0000
20.6697,357.8852,606.6447,480.0000,547.7167,0.0000,0.0000
20.6862,357.8852,610.2400,480.0000,547.7167,0.0000,0.0000
20.7029,357.8852,613.8733,480.0000,547.7167,0.0000,0.0000
20.7196,357.8852,617.5223,480.0000,547.7167,0.0000,0.0000
20.7364,357.8852,621.1644,480.0000,548.1952,0.0000,0.4784
20.7526,357.8852,624.8207,480.0000,549.1147,0.0000,0.9195
20.7701,357.8852,628.6238,480.0000,550.4784,0.0000,1.3637
20.7860,357.8852,632.2184,480.0000,552.0712,0.0000,1.5928
20.8028,357.8852,635.9143,480.0000,553.9922,0.0000,1.9211
20.8194,357.8852,639.6446,480.0000,556.1765,0.0000,2.1843
20.8366,357.8852,643.3867,480.0000,558.5782,0.0000,2.4017
20.8538,357.8852,647.2976,480.0000,561.2917,0.0000,2.7135
20.8696,357.8852,650.9039,480.0000,563.9219,0.0000,2.6302
20.8869,357.8852,654.7914,480.0000,566.9149,0.0000,2.9930
20.9027,357.8852,658.4169,480.0000,569.7986,0.0000,2.8837
20.9196,357.8852,662.2333,480.0000,572.9467,0.0000,3.1481
20.9372,357.8852,666.0575,480.0000,576.3322,0.0000,3.3855
20.9530,357.8852,669.3363,480.0000,579.3635,0.0000,3.0313
20.9701,357.8852,672.7565,480.0000,582.7003,0.0000,3.3368
20.9862,357.8852,675.8668,480.0000,585.8433,0.0000,3.1430
21.0035,357.8852,679.0287,480.0000,589.1684,0.0000,3.3251
21.0193,357.8852,681.8704,480.0000,592.2307,0.0000,3.0623
21.0364,357.8852,684.7125,480.0000,595.3855,0.0000,3.1547
21.0533,357.8852,687.4676,480.0000,598.5183,0.0000,3.1328
21.0694,357.8852,690.0027,480.0000,601.4497,0.0000,2.9315
21.0866,357.8852,692.5355,480.0000,604.4412,0.0000,2.9914
21.1029,357.8852,694.8661,480.0000,607.2281,0.0000,2.7869
21.1204,357.8852,697.2470,480.0000,610.1299,0.0000,2.9018
21.1360,357.8852,699.3370,480.0000,612.6908,0.0000,2.5609
21.1528,357.8852,701.4294,480.0000,615.2913,0.0000,2.6004
